{
  "type": "File",
  "start": 0,
  "end": 263,
  "loc": {
    "start": {
      "line": 1,
      "column": 0
    },
    "end": {
      "line": 9,
      "column": 1
    }
  },
  "program": {
    "type": "Program",
    "start": 0,
    "end": 263,
    "loc": {
      "start": {
        "line": 1,
        "column": 0
      },
      "end": {
        "line": 9,
        "column": 1
      }
    },
    "sourceType": "module",
    "body": [
      {
        "type": "VariableDeclaration",
        "start": 0,
        "end": 44,
        "loc": {
          "start": {
            "line": 1,
            "column": 0
          },
          "end": {
            "line": 1,
            "column": 44
          }
        },
        "declarations": [
          {
            "type": "VariableDeclarator",
            "start": 6,
            "end": 44,
            "loc": {
              "start": {
                "line": 1,
                "column": 6
              },
              "end": {
                "line": 1,
                "column": 44
              }
            },
            "id": {
              "type": "Identifier",
              "start": 6,
              "end": 17,
              "loc": {
                "start": {
                  "line": 1,
                  "column": 6
                },
                "end": {
                  "line": 1,
                  "column": 17
                },
                "identifierName": "autorizacao"
              },
              "name": "autorizacao"
            },
            "init": {
              "type": "CallExpression",
              "start": 20,
              "end": 44,
              "loc": {
                "start": {
                  "line": 1,
                  "column": 20
                },
                "end": {
                  "line": 1,
                  "column": 44
                }
              },
              "callee": {
                "type": "Identifier",
                "start": 20,
                "end": 27,
                "loc": {
                  "start": {
                    "line": 1,
                    "column": 20
                  },
                  "end": {
                    "line": 1,
                    "column": 27
                  },
                  "identifierName": "require"
                },
                "name": "require"
              },
              "arguments": [
                {
                  "type": "StringLiteral",
                  "start": 28,
                  "end": 43,
                  "loc": {
                    "start": {
                      "line": 1,
                      "column": 28
                    },
                    "end": {
                      "line": 1,
                      "column": 43
                    }
                  },
                  "extra": {
                    "rawValue": "./autorizacao",
                    "raw": "'./autorizacao'"
                  },
                  "value": "./autorizacao"
                }
              ]
            }
          }
        ],
        "kind": "const"
      },
      {
        "type": "ExpressionStatement",
        "start": 46,
        "end": 263,
        "loc": {
          "start": {
            "line": 3,
            "column": 0
          },
          "end": {
            "line": 9,
            "column": 1
          }
        },
        "expression": {
          "type": "AssignmentExpression",
          "start": 46,
          "end": 263,
          "loc": {
            "start": {
              "line": 3,
              "column": 0
            },
            "end": {
              "line": 9,
              "column": 1
            }
          },
          "operator": "=",
          "left": {
            "type": "MemberExpression",
            "start": 46,
            "end": 60,
            "loc": {
              "start": {
                "line": 3,
                "column": 0
              },
              "end": {
                "line": 3,
                "column": 14
              }
            },
            "object": {
              "type": "Identifier",
              "start": 46,
              "end": 52,
              "loc": {
                "start": {
                  "line": 3,
                  "column": 0
                },
                "end": {
                  "line": 3,
                  "column": 6
                },
                "identifierName": "module"
              },
              "name": "module"
            },
            "property": {
              "type": "Identifier",
              "start": 53,
              "end": 60,
              "loc": {
                "start": {
                  "line": 3,
                  "column": 7
                },
                "end": {
                  "line": 3,
                  "column": 14
                },
                "identifierName": "exports"
              },
              "name": "exports"
            },
            "computed": false
          },
          "right": {
            "type": "ArrowFunctionExpression",
            "start": 63,
            "end": 263,
            "loc": {
              "start": {
                "line": 3,
                "column": 17
              },
              "end": {
                "line": 9,
                "column": 1
              }
            },
            "id": null,
            "generator": false,
            "expression": true,
            "async": false,
            "params": [
              {
                "type": "Identifier",
                "start": 64,
                "end": 72,
                "loc": {
                  "start": {
                    "line": 3,
                    "column": 18
                  },
                  "end": {
                    "line": 3,
                    "column": 26
                  },
                  "identifierName": "entidade"
                },
                "name": "entidade"
              },
              {
                "type": "Identifier",
                "start": 74,
                "end": 78,
                "loc": {
                  "start": {
                    "line": 3,
                    "column": 28
                  },
                  "end": {
                    "line": 3,
                    "column": 32
                  },
                  "identifierName": "acao"
                },
                "name": "acao"
              }
            ],
            "body": {
              "type": "ArrowFunctionExpression",
              "start": 83,
              "end": 263,
              "loc": {
                "start": {
                  "line": 3,
                  "column": 37
                },
                "end": {
                  "line": 9,
                  "column": 1
                }
              },
              "id": null,
              "generator": false,
              "expression": false,
              "async": false,
              "params": [
                {
                  "type": "Identifier",
                  "start": 84,
                  "end": 94,
                  "loc": {
                    "start": {
                      "line": 3,
                      "column": 38
                    },
                    "end": {
                      "line": 3,
                      "column": 48
                    },
                    "identifierName": "requisicao"
                  },
                  "name": "requisicao"
                },
                {
                  "type": "Identifier",
                  "start": 96,
                  "end": 104,
                  "loc": {
                    "start": {
                      "line": 3,
                      "column": 50
                    },
                    "end": {
                      "line": 3,
                      "column": 58
                    },
                    "identifierName": "resposta"
                  },
                  "name": "resposta"
                },
                {
                  "type": "Identifier",
                  "start": 106,
                  "end": 113,
                  "loc": {
                    "start": {
                      "line": 3,
                      "column": 60
                    },
                    "end": {
                      "line": 3,
                      "column": 67
                    },
                    "identifierName": "proximo"
                  },
                  "name": "proximo"
                }
              ],
              "body": {
                "type": "BlockStatement",
                "start": 118,
                "end": 263,
                "loc": {
                  "start": {
                    "line": 3,
                    "column": 72
                  },
                  "end": {
                    "line": 9,
                    "column": 1
                  }
                },
                "body": [
                  {
                    "type": "IfStatement",
                    "start": 124,
                    "end": 246,
                    "loc": {
                      "start": {
                        "line": 4,
                        "column": 4
                      },
                      "end": {
                        "line": 6,
                        "column": 5
                      }
                    },
                    "test": {
                      "type": "BinaryExpression",
                      "start": 128,
                      "end": 163,
                      "loc": {
                        "start": {
                          "line": 4,
                          "column": 8
                        },
                        "end": {
                          "line": 4,
                          "column": 43
                        }
                      },
                      "left": {
                        "type": "MemberExpression",
                        "start": 128,
                        "end": 154,
                        "loc": {
                          "start": {
                            "line": 4,
                            "column": 8
                          },
                          "end": {
                            "line": 4,
                            "column": 34
                          }
                        },
                        "object": {
                          "type": "Identifier",
                          "start": 128,
                          "end": 138,
                          "loc": {
                            "start": {
                              "line": 4,
                              "column": 8
                            },
                            "end": {
                              "line": 4,
                              "column": 18
                            },
                            "identifierName": "requisicao"
                          },
                          "name": "requisicao"
                        },
                        "property": {
                          "type": "Identifier",
                          "start": 139,
                          "end": 154,
                          "loc": {
                            "start": {
                              "line": 4,
                              "column": 19
                            },
                            "end": {
                              "line": 4,
                              "column": 34
                            },
                            "identifierName": "estaAutenticado"
                          },
                          "name": "estaAutenticado"
                        },
                        "computed": false
                      },
                      "operator": "===",
                      "right": {
                        "type": "BooleanLiteral",
                        "start": 159,
                        "end": 163,
                        "loc": {
                          "start": {
                            "line": 4,
                            "column": 39
                          },
                          "end": {
                            "line": 4,
                            "column": 43
                          }
                        },
                        "value": true
                      }
                    },
                    "consequent": {
                      "type": "BlockStatement",
                      "start": 165,
                      "end": 246,
                      "loc": {
                        "start": {
                          "line": 4,
                          "column": 45
                        },
                        "end": {
                          "line": 6,
                          "column": 5
                        }
                      },
                      "body": [
                        {
                          "type": "ReturnStatement",
                          "start": 175,
                          "end": 240,
                          "loc": {
                            "start": {
                              "line": 5,
                              "column": 8
                            },
                            "end": {
                              "line": 5,
                              "column": 73
                            }
                          },
                          "argument": {
                            "type": "CallExpression",
                            "start": 182,
                            "end": 240,
                            "loc": {
                              "start": {
                                "line": 5,
                                "column": 15
                              },
                              "end": {
                                "line": 5,
                                "column": 73
                              }
                            },
                            "callee": {
                              "type": "CallExpression",
                              "start": 182,
                              "end": 209,
                              "loc": {
                                "start": {
                                  "line": 5,
                                  "column": 15
                                },
                                "end": {
                                  "line": 5,
                                  "column": 42
                                }
                              },
                              "callee": {
                                "type": "Identifier",
                                "start": 182,
                                "end": 193,
                                "loc": {
                                  "start": {
                                    "line": 5,
                                    "column": 15
                                  },
                                  "end": {
                                    "line": 5,
                                    "column": 26
                                  },
                                  "identifierName": "autorizacao"
                                },
                                "name": "autorizacao"
                              },
                              "arguments": [
                                {
                                  "type": "Identifier",
                                  "start": 194,
                                  "end": 202,
                                  "loc": {
                                    "start": {
                                      "line": 5,
                                      "column": 27
                                    },
                                    "end": {
                                      "line": 5,
                                      "column": 35
                                    },
                                    "identifierName": "entidade"
                                  },
                                  "name": "entidade"
                                },
                                {
                                  "type": "Identifier",
                                  "start": 204,
                                  "end": 208,
                                  "loc": {
                                    "start": {
                                      "line": 5,
                                      "column": 37
                                    },
                                    "end": {
                                      "line": 5,
                                      "column": 41
                                    },
                                    "identifierName": "acao"
                                  },
                                  "name": "acao"
                                }
                              ]
                            },
                            "arguments": [
                              {
                                "type": "Identifier",
                                "start": 210,
                                "end": 220,
                                "loc": {
                                  "start": {
                                    "line": 5,
                                    "column": 43
                                  },
                                  "end": {
                                    "line": 5,
                                    "column": 53
                                  },
                                  "identifierName": "requisicao"
                                },
                                "name": "requisicao"
                              },
                              {
                                "type": "Identifier",
                                "start": 222,
                                "end": 230,
                                "loc": {
                                  "start": {
                                    "line": 5,
                                    "column": 55
                                  },
                                  "end": {
                                    "line": 5,
                                    "column": 63
                                  },
                                  "identifierName": "resposta"
                                },
                                "name": "resposta"
                              },
                              {
                                "type": "Identifier",
                                "start": 232,
                                "end": 239,
                                "loc": {
                                  "start": {
                                    "line": 5,
                                    "column": 65
                                  },
                                  "end": {
                                    "line": 5,
                                    "column": 72
                                  },
                                  "identifierName": "proximo"
                                },
                                "name": "proximo"
                              }
                            ]
                          }
                        }
                      ],
                      "directives": []
                    },
                    "alternate": null
                  },
                  {
                    "type": "ExpressionStatement",
                    "start": 252,
                    "end": 261,
                    "loc": {
                      "start": {
                        "line": 8,
                        "column": 4
                      },
                      "end": {
                        "line": 8,
                        "column": 13
                      }
                    },
                    "expression": {
                      "type": "CallExpression",
                      "start": 252,
                      "end": 261,
                      "loc": {
                        "start": {
                          "line": 8,
                          "column": 4
                        },
                        "end": {
                          "line": 8,
                          "column": 13
                        }
                      },
                      "callee": {
                        "type": "Identifier",
                        "start": 252,
                        "end": 259,
                        "loc": {
                          "start": {
                            "line": 8,
                            "column": 4
                          },
                          "end": {
                            "line": 8,
                            "column": 11
                          },
                          "identifierName": "proximo"
                        },
                        "name": "proximo"
                      },
                      "arguments": []
                    }
                  }
                ],
                "directives": []
              }
            }
          }
        }
      }
    ],
    "directives": []
  },
  "comments": [],
  "tokens": [
    {
      "type": {
        "label": "const",
        "keyword": "const",
        "beforeExpr": false,
        "startsExpr": false,
        "rightAssociative": false,
        "isLoop": false,
        "isAssign": false,
        "prefix": false,
        "postfix": false,
        "binop": null,
        "updateContext": null
      },
      "value": "const",
      "start": 0,
      "end": 5,
      "loc": {
        "start": {
          "line": 1,
          "column": 0
        },
        "end": {
          "line": 1,
          "column": 5
        }
      }
    },
    {
      "type": {
        "label": "name",
        "beforeExpr": false,
        "startsExpr": true,
        "rightAssociative": false,
        "isLoop": false,
        "isAssign": false,
        "prefix": false,
        "postfix": false,
        "binop": null
      },
      "value": "autorizacao",
      "start": 6,
      "end": 17,
      "loc": {
        "start": {
          "line": 1,
          "column": 6
        },
        "end": {
          "line": 1,
          "column": 17
        }
      }
    },
    {
      "type": {
        "label": "=",
        "beforeExpr": true,
        "startsExpr": false,
        "rightAssociative": false,
        "isLoop": false,
        "isAssign": true,
        "prefix": false,
        "postfix": false,
        "binop": null,
        "updateContext": null
      },
      "value": "=",
      "start": 18,
      "end": 19,
      "loc": {
        "start": {
          "line": 1,
          "column": 18
        },
        "end": {
          "line": 1,
          "column": 19
        }
      }
    },
    {
      "type": {
        "label": "name",
        "beforeExpr": false,
        "startsExpr": true,
        "rightAssociative": false,
        "isLoop": false,
        "isAssign": false,
        "prefix": false,
        "postfix": false,
        "binop": null
      },
      "value": "require",
      "start": 20,
      "end": 27,
      "loc": {
        "start": {
          "line": 1,
          "column": 20
        },
        "end": {
          "line": 1,
          "column": 27
        }
      }
    },
    {
      "type": {
        "label": "(",
        "beforeExpr": true,
        "startsExpr": true,
        "rightAssociative": false,
        "isLoop": false,
        "isAssign": false,
        "prefix": false,
        "postfix": false,
        "binop": null
      },
      "start": 27,
      "end": 28,
      "loc": {
        "start": {
          "line": 1,
          "column": 27
        },
        "end": {
          "line": 1,
          "column": 28
        }
      }
    },
    {
      "type": {
        "label": "string",
        "beforeExpr": false,
        "startsExpr": true,
        "rightAssociative": false,
        "isLoop": false,
        "isAssign": false,
        "prefix": false,
        "postfix": false,
        "binop": null,
        "updateContext": null
      },
      "value": "./autorizacao",
      "start": 28,
      "end": 43,
      "loc": {
        "start": {
          "line": 1,
          "column": 28
        },
        "end": {
          "line": 1,
          "column": 43
        }
      }
    },
    {
      "type": {
        "label": ")",
        "beforeExpr": false,
        "startsExpr": false,
        "rightAssociative": false,
        "isLoop": false,
        "isAssign": false,
        "prefix": false,
        "postfix": false,
        "binop": null
      },
      "start": 43,
      "end": 44,
      "loc": {
        "start": {
          "line": 1,
          "column": 43
        },
        "end": {
          "line": 1,
          "column": 44
        }
      }
    },
    {
      "type": {
        "label": "name",
        "beforeExpr": false,
        "startsExpr": true,
        "rightAssociative": false,
        "isLoop": false,
        "isAssign": false,
        "prefix": false,
        "postfix": false,
        "binop": null
      },
      "value": "module",
      "start": 46,
      "end": 52,
      "loc": {
        "start": {
          "line": 3,
          "column": 0
        },
        "end": {
          "line": 3,
          "column": 6
        }
      }
    },
    {
      "type": {
        "label": ".",
        "beforeExpr": false,
        "startsExpr": false,
        "rightAssociative": false,
        "isLoop": false,
        "isAssign": false,
        "prefix": false,
        "postfix": false,
        "binop": null,
        "updateContext": null
      },
      "start": 52,
      "end": 53,
      "loc": {
        "start": {
          "line": 3,
          "column": 6
        },
        "end": {
          "line": 3,
          "column": 7
        }
      }
    },
    {
      "type": {
        "label": "name",
        "beforeExpr": false,
        "startsExpr": true,
        "rightAssociative": false,
        "isLoop": false,
        "isAssign": false,
        "prefix": false,
        "postfix": false,
        "binop": null
      },
      "value": "exports",
      "start": 53,
      "end": 60,
      "loc": {
        "start": {
          "line": 3,
          "column": 7
        },
        "end": {
          "line": 3,
          "column": 14
        }
      }
    },
    {
      "type": {
        "label": "=",
        "beforeExpr": true,
        "startsExpr": false,
        "rightAssociative": false,
        "isLoop": false,
        "isAssign": true,
        "prefix": false,
        "postfix": false,
        "binop": null,
        "updateContext": null
      },
      "value": "=",
      "start": 61,
      "end": 62,
      "loc": {
        "start": {
          "line": 3,
          "column": 15
        },
        "end": {
          "line": 3,
          "column": 16
        }
      }
    },
    {
      "type": {
        "label": "(",
        "beforeExpr": true,
        "startsExpr": true,
        "rightAssociative": false,
        "isLoop": false,
        "isAssign": false,
        "prefix": false,
        "postfix": false,
        "binop": null
      },
      "start": 63,
      "end": 64,
      "loc": {
        "start": {
          "line": 3,
          "column": 17
        },
        "end": {
          "line": 3,
          "column": 18
        }
      }
    },
    {
      "type": {
        "label": "name",
        "beforeExpr": false,
        "startsExpr": true,
        "rightAssociative": false,
        "isLoop": false,
        "isAssign": false,
        "prefix": false,
        "postfix": false,
        "binop": null
      },
      "value": "entidade",
      "start": 64,
      "end": 72,
      "loc": {
        "start": {
          "line": 3,
          "column": 18
        },
        "end": {
          "line": 3,
          "column": 26
        }
      }
    },
    {
      "type": {
        "label": ",",
        "beforeExpr": true,
        "startsExpr": false,
        "rightAssociative": false,
        "isLoop": false,
        "isAssign": false,
        "prefix": false,
        "postfix": false,
        "binop": null,
        "updateContext": null
      },
      "start": 72,
      "end": 73,
      "loc": {
        "start": {
          "line": 3,
          "column": 26
        },
        "end": {
          "line": 3,
          "column": 27
        }
      }
    },
    {
      "type": {
        "label": "name",
        "beforeExpr": false,
        "startsExpr": true,
        "rightAssociative": false,
        "isLoop": false,
        "isAssign": false,
        "prefix": false,
        "postfix": false,
        "binop": null
      },
      "value": "acao",
      "start": 74,
      "end": 78,
      "loc": {
        "start": {
          "line": 3,
          "column": 28
        },
        "end": {
          "line": 3,
          "column": 32
        }
      }
    },
    {
      "type": {
        "label": ")",
        "beforeExpr": false,
        "startsExpr": false,
        "rightAssociative": false,
        "isLoop": false,
        "isAssign": false,
        "prefix": false,
        "postfix": false,
        "binop": null
      },
      "start": 78,
      "end": 79,
      "loc": {
        "start": {
          "line": 3,
          "column": 32
        },
        "end": {
          "line": 3,
          "column": 33
        }
      }
    },
    {
      "type": {
        "label": "=>",
        "beforeExpr": true,
        "startsExpr": false,
        "rightAssociative": false,
        "isLoop": false,
        "isAssign": false,
        "prefix": false,
        "postfix": false,
        "binop": null,
        "updateContext": null
      },
      "start": 80,
      "end": 82,
      "loc": {
        "start": {
          "line": 3,
          "column": 34
        },
        "end": {
          "line": 3,
          "column": 36
        }
      }
    },
    {
      "type": {
        "label": "(",
        "beforeExpr": true,
        "startsExpr": true,
        "rightAssociative": false,
        "isLoop": false,
        "isAssign": false,
        "prefix": false,
        "postfix": false,
        "binop": null
      },
      "start": 83,
      "end": 84,
      "loc": {
        "start": {
          "line": 3,
          "column": 37
        },
        "end": {
          "line": 3,
          "column": 38
        }
      }
    },
    {
      "type": {
        "label": "name",
        "beforeExpr": false,
        "startsExpr": true,
        "rightAssociative": false,
        "isLoop": false,
        "isAssign": false,
        "prefix": false,
        "postfix": false,
        "binop": null
      },
      "value": "requisicao",
      "start": 84,
      "end": 94,
      "loc": {
        "start": {
          "line": 3,
          "column": 38
        },
        "end": {
          "line": 3,
          "column": 48
        }
      }
    },
    {
      "type": {
        "label": ",",
        "beforeExpr": true,
        "startsExpr": false,
        "rightAssociative": false,
        "isLoop": false,
        "isAssign": false,
        "prefix": false,
        "postfix": false,
        "binop": null,
        "updateContext": null
      },
      "start": 94,
      "end": 95,
      "loc": {
        "start": {
          "line": 3,
          "column": 48
        },
        "end": {
          "line": 3,
          "column": 49
        }
      }
    },
    {
      "type": {
        "label": "name",
        "beforeExpr": false,
        "startsExpr": true,
        "rightAssociative": false,
        "isLoop": false,
        "isAssign": false,
        "prefix": false,
        "postfix": false,
        "binop": null
      },
      "value": "resposta",
      "start": 96,
      "end": 104,
      "loc": {
        "start": {
          "line": 3,
          "column": 50
        },
        "end": {
          "line": 3,
          "column": 58
        }
      }
    },
    {
      "type": {
        "label": ",",
        "beforeExpr": true,
        "startsExpr": false,
        "rightAssociative": false,
        "isLoop": false,
        "isAssign": false,
        "prefix": false,
        "postfix": false,
        "binop": null,
        "updateContext": null
      },
      "start": 104,
      "end": 105,
      "loc": {
        "start": {
          "line": 3,
          "column": 58
        },
        "end": {
          "line": 3,
          "column": 59
        }
      }
    },
    {
      "type": {
        "label": "name",
        "beforeExpr": false,
        "startsExpr": true,
        "rightAssociative": false,
        "isLoop": false,
        "isAssign": false,
        "prefix": false,
        "postfix": false,
        "binop": null
      },
      "value": "proximo",
      "start": 106,
      "end": 113,
      "loc": {
        "start": {
          "line": 3,
          "column": 60
        },
        "end": {
          "line": 3,
          "column": 67
        }
      }
    },
    {
      "type": {
        "label": ")",
        "beforeExpr": false,
        "startsExpr": false,
        "rightAssociative": false,
        "isLoop": false,
        "isAssign": false,
        "prefix": false,
        "postfix": false,
        "binop": null
      },
      "start": 113,
      "end": 114,
      "loc": {
        "start": {
          "line": 3,
          "column": 67
        },
        "end": {
          "line": 3,
          "column": 68
        }
      }
    },
    {
      "type": {
        "label": "=>",
        "beforeExpr": true,
        "startsExpr": false,
        "rightAssociative": false,
        "isLoop": false,
        "isAssign": false,
        "prefix": false,
        "postfix": false,
        "binop": null,
        "updateContext": null
      },
      "start": 115,
      "end": 117,
      "loc": {
        "start": {
          "line": 3,
          "column": 69
        },
        "end": {
          "line": 3,
          "column": 71
        }
      }
    },
    {
      "type": {
        "label": "{",
        "beforeExpr": true,
        "startsExpr": true,
        "rightAssociative": false,
        "isLoop": false,
        "isAssign": false,
        "prefix": false,
        "postfix": false,
        "binop": null
      },
      "start": 118,
      "end": 119,
      "loc": {
        "start": {
          "line": 3,
          "column": 72
        },
        "end": {
          "line": 3,
          "column": 73
        }
      }
    },
    {
      "type": {
        "label": "if",
        "keyword": "if",
        "beforeExpr": false,
        "startsExpr": false,
        "rightAssociative": false,
        "isLoop": false,
        "isAssign": false,
        "prefix": false,
        "postfix": false,
        "binop": null,
        "updateContext": null
      },
      "value": "if",
      "start": 124,
      "end": 126,
      "loc": {
        "start": {
          "line": 4,
          "column": 4
        },
        "end": {
          "line": 4,
          "column": 6
        }
      }
    },
    {
      "type": {
        "label": "(",
        "beforeExpr": true,
        "startsExpr": true,
        "rightAssociative": false,
        "isLoop": false,
        "isAssign": false,
        "prefix": false,
        "postfix": false,
        "binop": null
      },
      "start": 127,
      "end": 128,
      "loc": {
        "start": {
          "line": 4,
          "column": 7
        },
        "end": {
          "line": 4,
          "column": 8
        }
      }
    },
    {
      "type": {
        "label": "name",
        "beforeExpr": false,
        "startsExpr": true,
        "rightAssociative": false,
        "isLoop": false,
        "isAssign": false,
        "prefix": false,
        "postfix": false,
        "binop": null
      },
      "value": "requisicao",
      "start": 128,
      "end": 138,
      "loc": {
        "start": {
          "line": 4,
          "column": 8
        },
        "end": {
          "line": 4,
          "column": 18
        }
      }
    },
    {
      "type": {
        "label": ".",
        "beforeExpr": false,
        "startsExpr": false,
        "rightAssociative": false,
        "isLoop": false,
        "isAssign": false,
        "prefix": false,
        "postfix": false,
        "binop": null,
        "updateContext": null
      },
      "start": 138,
      "end": 139,
      "loc": {
        "start": {
          "line": 4,
          "column": 18
        },
        "end": {
          "line": 4,
          "column": 19
        }
      }
    },
    {
      "type": {
        "label": "name",
        "beforeExpr": false,
        "startsExpr": true,
        "rightAssociative": false,
        "isLoop": false,
        "isAssign": false,
        "prefix": false,
        "postfix": false,
        "binop": null
      },
      "value": "estaAutenticado",
      "start": 139,
      "end": 154,
      "loc": {
        "start": {
          "line": 4,
          "column": 19
        },
        "end": {
          "line": 4,
          "column": 34
        }
      }
    },
    {
      "type": {
        "label": "==/!=",
        "beforeExpr": true,
        "startsExpr": false,
        "rightAssociative": false,
        "isLoop": false,
        "isAssign": false,
        "prefix": false,
        "postfix": false,
        "binop": 6,
        "updateContext": null
      },
      "value": "===",
      "start": 155,
      "end": 158,
      "loc": {
        "start": {
          "line": 4,
          "column": 35
        },
        "end": {
          "line": 4,
          "column": 38
        }
      }
    },
    {
      "type": {
        "label": "true",
        "keyword": "true",
        "beforeExpr": false,
        "startsExpr": true,
        "rightAssociative": false,
        "isLoop": false,
        "isAssign": false,
        "prefix": false,
        "postfix": false,
        "binop": null,
        "updateContext": null
      },
      "value": "true",
      "start": 159,
      "end": 163,
      "loc": {
        "start": {
          "line": 4,
          "column": 39
        },
        "end": {
          "line": 4,
          "column": 43
        }
      }
    },
    {
      "type": {
        "label": ")",
        "beforeExpr": false,
        "startsExpr": false,
        "rightAssociative": false,
        "isLoop": false,
        "isAssign": false,
        "prefix": false,
        "postfix": false,
        "binop": null
      },
      "start": 163,
      "end": 164,
      "loc": {
        "start": {
          "line": 4,
          "column": 43
        },
        "end": {
          "line": 4,
          "column": 44
        }
      }
    },
    {
      "type": {
        "label": "{",
        "beforeExpr": true,
        "startsExpr": true,
        "rightAssociative": false,
        "isLoop": false,
        "isAssign": false,
        "prefix": false,
        "postfix": false,
        "binop": null
      },
      "start": 165,
      "end": 166,
      "loc": {
        "start": {
          "line": 4,
          "column": 45
        },
        "end": {
          "line": 4,
          "column": 46
        }
      }
    },
    {
      "type": {
        "label": "return",
        "keyword": "return",
        "beforeExpr": true,
        "startsExpr": false,
        "rightAssociative": false,
        "isLoop": false,
        "isAssign": false,
        "prefix": false,
        "postfix": false,
        "binop": null,
        "updateContext": null
      },
      "value": "return",
      "start": 175,
      "end": 181,
      "loc": {
        "start": {
          "line": 5,
          "column": 8
        },
        "end": {
          "line": 5,
          "column": 14
        }
      }
    },
    {
      "type": {
        "label": "name",
        "beforeExpr": false,
        "startsExpr": true,
        "rightAssociative": false,
        "isLoop": false,
        "isAssign": false,
        "prefix": false,
        "postfix": false,
        "binop": null
      },
      "value": "autorizacao",
      "start": 182,
      "end": 193,
      "loc": {
        "start": {
          "line": 5,
          "column": 15
        },
        "end": {
          "line": 5,
          "column": 26
        }
      }
    },
    {
      "type": {
        "label": "(",
        "beforeExpr": true,
        "startsExpr": true,
        "rightAssociative": false,
        "isLoop": false,
        "isAssign": false,
        "prefix": false,
        "postfix": false,
        "binop": null
      },
      "start": 193,
      "end": 194,
      "loc": {
        "start": {
          "line": 5,
          "column": 26
        },
        "end": {
          "line": 5,
          "column": 27
        }
      }
    },
    {
      "type": {
        "label": "name",
        "beforeExpr": false,
        "startsExpr": true,
        "rightAssociative": false,
        "isLoop": false,
        "isAssign": false,
        "prefix": false,
        "postfix": false,
        "binop": null
      },
      "value": "entidade",
      "start": 194,
      "end": 202,
      "loc": {
        "start": {
          "line": 5,
          "column": 27
        },
        "end": {
          "line": 5,
          "column": 35
        }
      }
    },
    {
      "type": {
        "label": ",",
        "beforeExpr": true,
        "startsExpr": false,
        "rightAssociative": false,
        "isLoop": false,
        "isAssign": false,
        "prefix": false,
        "postfix": false,
        "binop": null,
        "updateContext": null
      },
      "start": 202,
      "end": 203,
      "loc": {
        "start": {
          "line": 5,
          "column": 35
        },
        "end": {
          "line": 5,
          "column": 36
        }
      }
    },
    {
      "type": {
        "label": "name",
        "beforeExpr": false,
        "startsExpr": true,
        "rightAssociative": false,
        "isLoop": false,
        "isAssign": false,
        "prefix": false,
        "postfix": false,
        "binop": null
      },
      "value": "acao",
      "start": 204,
      "end": 208,
      "loc": {
        "start": {
          "line": 5,
          "column": 37
        },
        "end": {
          "line": 5,
          "column": 41
        }
      }
    },
    {
      "type": {
        "label": ")",
        "beforeExpr": false,
        "startsExpr": false,
        "rightAssociative": false,
        "isLoop": false,
        "isAssign": false,
        "prefix": false,
        "postfix": false,
        "binop": null
      },
      "start": 208,
      "end": 209,
      "loc": {
        "start": {
          "line": 5,
          "column": 41
        },
        "end": {
          "line": 5,
          "column": 42
        }
      }
    },
    {
      "type": {
        "label": "(",
        "beforeExpr": true,
        "startsExpr": true,
        "rightAssociative": false,
        "isLoop": false,
        "isAssign": false,
        "prefix": false,
        "postfix": false,
        "binop": null
      },
      "start": 209,
      "end": 210,
      "loc": {
        "start": {
          "line": 5,
          "column": 42
        },
        "end": {
          "line": 5,
          "column": 43
        }
      }
    },
    {
      "type": {
        "label": "name",
        "beforeExpr": false,
        "startsExpr": true,
        "rightAssociative": false,
        "isLoop": false,
        "isAssign": false,
        "prefix": false,
        "postfix": false,
        "binop": null
      },
      "value": "requisicao",
      "start": 210,
      "end": 220,
      "loc": {
        "start": {
          "line": 5,
          "column": 43
        },
        "end": {
          "line": 5,
          "column": 53
        }
      }
    },
    {
      "type": {
        "label": ",",
        "beforeExpr": true,
        "startsExpr": false,
        "rightAssociative": false,
        "isLoop": false,
        "isAssign": false,
        "prefix": false,
        "postfix": false,
        "binop": null,
        "updateContext": null
      },
      "start": 220,
      "end": 221,
      "loc": {
        "start": {
          "line": 5,
          "column": 53
        },
        "end": {
          "line": 5,
          "column": 54
        }
      }
    },
    {
      "type": {
        "label": "name",
        "beforeExpr": false,
        "startsExpr": true,
        "rightAssociative": false,
        "isLoop": false,
        "isAssign": false,
        "prefix": false,
        "postfix": false,
        "binop": null
      },
      "value": "resposta",
      "start": 222,
      "end": 230,
      "loc": {
        "start": {
          "line": 5,
          "column": 55
        },
        "end": {
          "line": 5,
          "column": 63
        }
      }
    },
    {
      "type": {
        "label": ",",
        "beforeExpr": true,
        "startsExpr": false,
        "rightAssociative": false,
        "isLoop": false,
        "isAssign": false,
        "prefix": false,
        "postfix": false,
        "binop": null,
        "updateContext": null
      },
      "start": 230,
      "end": 231,
      "loc": {
        "start": {
          "line": 5,
          "column": 63
        },
        "end": {
          "line": 5,
          "column": 64
        }
      }
    },
    {
      "type": {
        "label": "name",
        "beforeExpr": false,
        "startsExpr": true,
        "rightAssociative": false,
        "isLoop": false,
        "isAssign": false,
        "prefix": false,
        "postfix": false,
        "binop": null
      },
      "value": "proximo",
      "start": 232,
      "end": 239,
      "loc": {
        "start": {
          "line": 5,
          "column": 65
        },
        "end": {
          "line": 5,
          "column": 72
        }
      }
    },
    {
      "type": {
        "label": ")",
        "beforeExpr": false,
        "startsExpr": false,
        "rightAssociative": false,
        "isLoop": false,
        "isAssign": false,
        "prefix": false,
        "postfix": false,
        "binop": null
      },
      "start": 239,
      "end": 240,
      "loc": {
        "start": {
          "line": 5,
          "column": 72
        },
        "end": {
          "line": 5,
          "column": 73
        }
      }
    },
    {
      "type": {
        "label": "}",
        "beforeExpr": false,
        "startsExpr": false,
        "rightAssociative": false,
        "isLoop": false,
        "isAssign": false,
        "prefix": false,
        "postfix": false,
        "binop": null
      },
      "start": 245,
      "end": 246,
      "loc": {
        "start": {
          "line": 6,
          "column": 4
        },
        "end": {
          "line": 6,
          "column": 5
        }
      }
    },
    {
      "type": {
        "label": "name",
        "beforeExpr": false,
        "startsExpr": true,
        "rightAssociative": false,
        "isLoop": false,
        "isAssign": false,
        "prefix": false,
        "postfix": false,
        "binop": null
      },
      "value": "proximo",
      "start": 252,
      "end": 259,
      "loc": {
        "start": {
          "line": 8,
          "column": 4
        },
        "end": {
          "line": 8,
          "column": 11
        }
      }
    },
    {
      "type": {
        "label": "(",
        "beforeExpr": true,
        "startsExpr": true,
        "rightAssociative": false,
        "isLoop": false,
        "isAssign": false,
        "prefix": false,
        "postfix": false,
        "binop": null
      },
      "start": 259,
      "end": 260,
      "loc": {
        "start": {
          "line": 8,
          "column": 11
        },
        "end": {
          "line": 8,
          "column": 12
        }
      }
    },
    {
      "type": {
        "label": ")",
        "beforeExpr": false,
        "startsExpr": false,
        "rightAssociative": false,
        "isLoop": false,
        "isAssign": false,
        "prefix": false,
        "postfix": false,
        "binop": null
      },
      "start": 260,
      "end": 261,
      "loc": {
        "start": {
          "line": 8,
          "column": 12
        },
        "end": {
          "line": 8,
          "column": 13
        }
      }
    },
    {
      "type": {
        "label": "}",
        "beforeExpr": false,
        "startsExpr": false,
        "rightAssociative": false,
        "isLoop": false,
        "isAssign": false,
        "prefix": false,
        "postfix": false,
        "binop": null
      },
      "start": 262,
      "end": 263,
      "loc": {
        "start": {
          "line": 9,
          "column": 0
        },
        "end": {
          "line": 9,
          "column": 1
        }
      }
    },
    {
      "type": {
        "label": "eof",
        "beforeExpr": false,
        "startsExpr": false,
        "rightAssociative": false,
        "isLoop": false,
        "isAssign": false,
        "prefix": false,
        "postfix": false,
        "binop": null,
        "updateContext": null
      },
      "start": 263,
      "end": 263,
      "loc": {
        "start": {
          "line": 9,
          "column": 1
        },
        "end": {
          "line": 9,
          "column": 1
        }
      }
    }
  ]
}