{
  "type": "File",
  "start": 0,
  "end": 295,
  "loc": {
    "start": {
      "line": 1,
      "column": 0
    },
    "end": {
      "line": 10,
      "column": 1
    }
  },
  "program": {
    "type": "Program",
    "start": 0,
    "end": 295,
    "loc": {
      "start": {
        "line": 1,
        "column": 0
      },
      "end": {
        "line": 10,
        "column": 1
      }
    },
    "sourceType": "module",
    "body": [
      {
        "type": "VariableDeclaration",
        "start": 0,
        "end": 58,
        "loc": {
          "start": {
            "line": 1,
            "column": 0
          },
          "end": {
            "line": 1,
            "column": 58
          }
        },
        "declarations": [
          {
            "type": "VariableDeclarator",
            "start": 6,
            "end": 58,
            "loc": {
              "start": {
                "line": 1,
                "column": 6
              },
              "end": {
                "line": 1,
                "column": 58
              }
            },
            "id": {
              "type": "ObjectPattern",
              "start": 6,
              "end": 33,
              "loc": {
                "start": {
                  "line": 1,
                  "column": 6
                },
                "end": {
                  "line": 1,
                  "column": 33
                }
              },
              "properties": [
                {
                  "type": "ObjectProperty",
                  "start": 8,
                  "end": 31,
                  "loc": {
                    "start": {
                      "line": 1,
                      "column": 8
                    },
                    "end": {
                      "line": 1,
                      "column": 31
                    }
                  },
                  "method": false,
                  "shorthand": true,
                  "computed": false,
                  "key": {
                    "type": "Identifier",
                    "start": 8,
                    "end": 31,
                    "loc": {
                      "start": {
                        "line": 1,
                        "column": 8
                      },
                      "end": {
                        "line": 1,
                        "column": 31
                      },
                      "identifierName": "middlewaresAutenticacao"
                    },
                    "name": "middlewaresAutenticacao"
                  },
                  "value": {
                    "type": "Identifier",
                    "start": 8,
                    "end": 31,
                    "loc": {
                      "start": {
                        "line": 1,
                        "column": 8
                      },
                      "end": {
                        "line": 1,
                        "column": 31
                      },
                      "identifierName": "middlewaresAutenticacao"
                    },
                    "name": "middlewaresAutenticacao"
                  },
                  "extra": {
                    "shorthand": true
                  }
                }
              ]
            },
            "init": {
              "type": "CallExpression",
              "start": 36,
              "end": 58,
              "loc": {
                "start": {
                  "line": 1,
                  "column": 36
                },
                "end": {
                  "line": 1,
                  "column": 58
                }
              },
              "callee": {
                "type": "Identifier",
                "start": 36,
                "end": 43,
                "loc": {
                  "start": {
                    "line": 1,
                    "column": 36
                  },
                  "end": {
                    "line": 1,
                    "column": 43
                  },
                  "identifierName": "require"
                },
                "name": "require"
              },
              "arguments": [
                {
                  "type": "StringLiteral",
                  "start": 44,
                  "end": 57,
                  "loc": {
                    "start": {
                      "line": 1,
                      "column": 44
                    },
                    "end": {
                      "line": 1,
                      "column": 57
                    }
                  },
                  "extra": {
                    "rawValue": "../usuarios",
                    "raw": "'../usuarios'"
                  },
                  "value": "../usuarios"
                }
              ]
            }
          }
        ],
        "kind": "const"
      },
      {
        "type": "ExpressionStatement",
        "start": 59,
        "end": 295,
        "loc": {
          "start": {
            "line": 2,
            "column": 0
          },
          "end": {
            "line": 10,
            "column": 1
          }
        },
        "expression": {
          "type": "AssignmentExpression",
          "start": 59,
          "end": 295,
          "loc": {
            "start": {
              "line": 2,
              "column": 0
            },
            "end": {
              "line": 10,
              "column": 1
            }
          },
          "operator": "=",
          "left": {
            "type": "MemberExpression",
            "start": 59,
            "end": 73,
            "loc": {
              "start": {
                "line": 2,
                "column": 0
              },
              "end": {
                "line": 2,
                "column": 14
              }
            },
            "object": {
              "type": "Identifier",
              "start": 59,
              "end": 65,
              "loc": {
                "start": {
                  "line": 2,
                  "column": 0
                },
                "end": {
                  "line": 2,
                  "column": 6
                },
                "identifierName": "module"
              },
              "name": "module"
            },
            "property": {
              "type": "Identifier",
              "start": 66,
              "end": 73,
              "loc": {
                "start": {
                  "line": 2,
                  "column": 7
                },
                "end": {
                  "line": 2,
                  "column": 14
                },
                "identifierName": "exports"
              },
              "name": "exports"
            },
            "computed": false
          },
          "right": {
            "type": "ArrowFunctionExpression",
            "start": 76,
            "end": 295,
            "loc": {
              "start": {
                "line": 2,
                "column": 17
              },
              "end": {
                "line": 10,
                "column": 1
              }
            },
            "id": null,
            "generator": false,
            "expression": false,
            "async": false,
            "params": [
              {
                "type": "Identifier",
                "start": 77,
                "end": 87,
                "loc": {
                  "start": {
                    "line": 2,
                    "column": 18
                  },
                  "end": {
                    "line": 2,
                    "column": 28
                  },
                  "identifierName": "requisicao"
                },
                "name": "requisicao"
              },
              {
                "type": "Identifier",
                "start": 89,
                "end": 97,
                "loc": {
                  "start": {
                    "line": 2,
                    "column": 30
                  },
                  "end": {
                    "line": 2,
                    "column": 38
                  },
                  "identifierName": "resposta"
                },
                "name": "resposta"
              },
              {
                "type": "Identifier",
                "start": 99,
                "end": 106,
                "loc": {
                  "start": {
                    "line": 2,
                    "column": 40
                  },
                  "end": {
                    "line": 2,
                    "column": 47
                  },
                  "identifierName": "proximo"
                },
                "name": "proximo"
              }
            ],
            "body": {
              "type": "BlockStatement",
              "start": 111,
              "end": 295,
              "loc": {
                "start": {
                  "line": 2,
                  "column": 52
                },
                "end": {
                  "line": 10,
                  "column": 1
                }
              },
              "body": [
                {
                  "type": "ExpressionStatement",
                  "start": 117,
                  "end": 151,
                  "loc": {
                    "start": {
                      "line": 3,
                      "column": 4
                    },
                    "end": {
                      "line": 3,
                      "column": 38
                    }
                  },
                  "expression": {
                    "type": "AssignmentExpression",
                    "start": 117,
                    "end": 151,
                    "loc": {
                      "start": {
                        "line": 3,
                        "column": 4
                      },
                      "end": {
                        "line": 3,
                        "column": 38
                      }
                    },
                    "operator": "=",
                    "left": {
                      "type": "MemberExpression",
                      "start": 117,
                      "end": 143,
                      "loc": {
                        "start": {
                          "line": 3,
                          "column": 4
                        },
                        "end": {
                          "line": 3,
                          "column": 30
                        }
                      },
                      "object": {
                        "type": "Identifier",
                        "start": 117,
                        "end": 127,
                        "loc": {
                          "start": {
                            "line": 3,
                            "column": 4
                          },
                          "end": {
                            "line": 3,
                            "column": 14
                          },
                          "identifierName": "requisicao"
                        },
                        "name": "requisicao"
                      },
                      "property": {
                        "type": "Identifier",
                        "start": 128,
                        "end": 143,
                        "loc": {
                          "start": {
                            "line": 3,
                            "column": 15
                          },
                          "end": {
                            "line": 3,
                            "column": 30
                          },
                          "identifierName": "estaAutenticado"
                        },
                        "name": "estaAutenticado"
                      },
                      "computed": false
                    },
                    "right": {
                      "type": "BooleanLiteral",
                      "start": 146,
                      "end": 151,
                      "loc": {
                        "start": {
                          "line": 3,
                          "column": 33
                        },
                        "end": {
                          "line": 3,
                          "column": 38
                        }
                      },
                      "value": false
                    }
                  }
                },
                {
                  "type": "IfStatement",
                  "start": 157,
                  "end": 278,
                  "loc": {
                    "start": {
                      "line": 5,
                      "column": 4
                    },
                    "end": {
                      "line": 7,
                      "column": 5
                    }
                  },
                  "test": {
                    "type": "CallExpression",
                    "start": 161,
                    "end": 192,
                    "loc": {
                      "start": {
                        "line": 5,
                        "column": 8
                      },
                      "end": {
                        "line": 5,
                        "column": 39
                      }
                    },
                    "callee": {
                      "type": "MemberExpression",
                      "start": 161,
                      "end": 175,
                      "loc": {
                        "start": {
                          "line": 5,
                          "column": 8
                        },
                        "end": {
                          "line": 5,
                          "column": 22
                        }
                      },
                      "object": {
                        "type": "Identifier",
                        "start": 161,
                        "end": 171,
                        "loc": {
                          "start": {
                            "line": 5,
                            "column": 8
                          },
                          "end": {
                            "line": 5,
                            "column": 18
                          },
                          "identifierName": "requisicao"
                        },
                        "name": "requisicao"
                      },
                      "property": {
                        "type": "Identifier",
                        "start": 172,
                        "end": 175,
                        "loc": {
                          "start": {
                            "line": 5,
                            "column": 19
                          },
                          "end": {
                            "line": 5,
                            "column": 22
                          },
                          "identifierName": "get"
                        },
                        "name": "get"
                      },
                      "computed": false
                    },
                    "arguments": [
                      {
                        "type": "StringLiteral",
                        "start": 176,
                        "end": 191,
                        "loc": {
                          "start": {
                            "line": 5,
                            "column": 23
                          },
                          "end": {
                            "line": 5,
                            "column": 38
                          }
                        },
                        "extra": {
                          "rawValue": "Authorization",
                          "raw": "'Authorization'"
                        },
                        "value": "Authorization"
                      }
                    ]
                  },
                  "consequent": {
                    "type": "BlockStatement",
                    "start": 194,
                    "end": 278,
                    "loc": {
                      "start": {
                        "line": 5,
                        "column": 41
                      },
                      "end": {
                        "line": 7,
                        "column": 5
                      }
                    },
                    "body": [
                      {
                        "type": "ReturnStatement",
                        "start": 204,
                        "end": 272,
                        "loc": {
                          "start": {
                            "line": 6,
                            "column": 8
                          },
                          "end": {
                            "line": 6,
                            "column": 76
                          }
                        },
                        "argument": {
                          "type": "CallExpression",
                          "start": 211,
                          "end": 272,
                          "loc": {
                            "start": {
                              "line": 6,
                              "column": 15
                            },
                            "end": {
                              "line": 6,
                              "column": 76
                            }
                          },
                          "callee": {
                            "type": "MemberExpression",
                            "start": 211,
                            "end": 241,
                            "loc": {
                              "start": {
                                "line": 6,
                                "column": 15
                              },
                              "end": {
                                "line": 6,
                                "column": 45
                              }
                            },
                            "object": {
                              "type": "Identifier",
                              "start": 211,
                              "end": 234,
                              "loc": {
                                "start": {
                                  "line": 6,
                                  "column": 15
                                },
                                "end": {
                                  "line": 6,
                                  "column": 38
                                },
                                "identifierName": "middlewaresAutenticacao"
                              },
                              "name": "middlewaresAutenticacao"
                            },
                            "property": {
                              "type": "Identifier",
                              "start": 235,
                              "end": 241,
                              "loc": {
                                "start": {
                                  "line": 6,
                                  "column": 39
                                },
                                "end": {
                                  "line": 6,
                                  "column": 45
                                },
                                "identifierName": "bearer"
                              },
                              "name": "bearer"
                            },
                            "computed": false
                          },
                          "arguments": [
                            {
                              "type": "Identifier",
                              "start": 242,
                              "end": 252,
                              "loc": {
                                "start": {
                                  "line": 6,
                                  "column": 46
                                },
                                "end": {
                                  "line": 6,
                                  "column": 56
                                },
                                "identifierName": "requisicao"
                              },
                              "name": "requisicao"
                            },
                            {
                              "type": "Identifier",
                              "start": 254,
                              "end": 262,
                              "loc": {
                                "start": {
                                  "line": 6,
                                  "column": 58
                                },
                                "end": {
                                  "line": 6,
                                  "column": 66
                                },
                                "identifierName": "resposta"
                              },
                              "name": "resposta"
                            },
                            {
                              "type": "Identifier",
                              "start": 264,
                              "end": 271,
                              "loc": {
                                "start": {
                                  "line": 6,
                                  "column": 68
                                },
                                "end": {
                                  "line": 6,
                                  "column": 75
                                },
                                "identifierName": "proximo"
                              },
                              "name": "proximo"
                            }
                          ]
                        }
                      }
                    ],
                    "directives": []
                  },
                  "alternate": null
                },
                {
                  "type": "ExpressionStatement",
                  "start": 284,
                  "end": 293,
                  "loc": {
                    "start": {
                      "line": 9,
                      "column": 4
                    },
                    "end": {
                      "line": 9,
                      "column": 13
                    }
                  },
                  "expression": {
                    "type": "CallExpression",
                    "start": 284,
                    "end": 293,
                    "loc": {
                      "start": {
                        "line": 9,
                        "column": 4
                      },
                      "end": {
                        "line": 9,
                        "column": 13
                      }
                    },
                    "callee": {
                      "type": "Identifier",
                      "start": 284,
                      "end": 291,
                      "loc": {
                        "start": {
                          "line": 9,
                          "column": 4
                        },
                        "end": {
                          "line": 9,
                          "column": 11
                        },
                        "identifierName": "proximo"
                      },
                      "name": "proximo"
                    },
                    "arguments": []
                  }
                }
              ],
              "directives": []
            }
          }
        }
      }
    ],
    "directives": []
  },
  "comments": [],
  "tokens": [
    {
      "type": {
        "label": "const",
        "keyword": "const",
        "beforeExpr": false,
        "startsExpr": false,
        "rightAssociative": false,
        "isLoop": false,
        "isAssign": false,
        "prefix": false,
        "postfix": false,
        "binop": null,
        "updateContext": null
      },
      "value": "const",
      "start": 0,
      "end": 5,
      "loc": {
        "start": {
          "line": 1,
          "column": 0
        },
        "end": {
          "line": 1,
          "column": 5
        }
      }
    },
    {
      "type": {
        "label": "{",
        "beforeExpr": true,
        "startsExpr": true,
        "rightAssociative": false,
        "isLoop": false,
        "isAssign": false,
        "prefix": false,
        "postfix": false,
        "binop": null
      },
      "start": 6,
      "end": 7,
      "loc": {
        "start": {
          "line": 1,
          "column": 6
        },
        "end": {
          "line": 1,
          "column": 7
        }
      }
    },
    {
      "type": {
        "label": "name",
        "beforeExpr": false,
        "startsExpr": true,
        "rightAssociative": false,
        "isLoop": false,
        "isAssign": false,
        "prefix": false,
        "postfix": false,
        "binop": null
      },
      "value": "middlewaresAutenticacao",
      "start": 8,
      "end": 31,
      "loc": {
        "start": {
          "line": 1,
          "column": 8
        },
        "end": {
          "line": 1,
          "column": 31
        }
      }
    },
    {
      "type": {
        "label": "}",
        "beforeExpr": false,
        "startsExpr": false,
        "rightAssociative": false,
        "isLoop": false,
        "isAssign": false,
        "prefix": false,
        "postfix": false,
        "binop": null
      },
      "start": 32,
      "end": 33,
      "loc": {
        "start": {
          "line": 1,
          "column": 32
        },
        "end": {
          "line": 1,
          "column": 33
        }
      }
    },
    {
      "type": {
        "label": "=",
        "beforeExpr": true,
        "startsExpr": false,
        "rightAssociative": false,
        "isLoop": false,
        "isAssign": true,
        "prefix": false,
        "postfix": false,
        "binop": null,
        "updateContext": null
      },
      "value": "=",
      "start": 34,
      "end": 35,
      "loc": {
        "start": {
          "line": 1,
          "column": 34
        },
        "end": {
          "line": 1,
          "column": 35
        }
      }
    },
    {
      "type": {
        "label": "name",
        "beforeExpr": false,
        "startsExpr": true,
        "rightAssociative": false,
        "isLoop": false,
        "isAssign": false,
        "prefix": false,
        "postfix": false,
        "binop": null
      },
      "value": "require",
      "start": 36,
      "end": 43,
      "loc": {
        "start": {
          "line": 1,
          "column": 36
        },
        "end": {
          "line": 1,
          "column": 43
        }
      }
    },
    {
      "type": {
        "label": "(",
        "beforeExpr": true,
        "startsExpr": true,
        "rightAssociative": false,
        "isLoop": false,
        "isAssign": false,
        "prefix": false,
        "postfix": false,
        "binop": null
      },
      "start": 43,
      "end": 44,
      "loc": {
        "start": {
          "line": 1,
          "column": 43
        },
        "end": {
          "line": 1,
          "column": 44
        }
      }
    },
    {
      "type": {
        "label": "string",
        "beforeExpr": false,
        "startsExpr": true,
        "rightAssociative": false,
        "isLoop": false,
        "isAssign": false,
        "prefix": false,
        "postfix": false,
        "binop": null,
        "updateContext": null
      },
      "value": "../usuarios",
      "start": 44,
      "end": 57,
      "loc": {
        "start": {
          "line": 1,
          "column": 44
        },
        "end": {
          "line": 1,
          "column": 57
        }
      }
    },
    {
      "type": {
        "label": ")",
        "beforeExpr": false,
        "startsExpr": false,
        "rightAssociative": false,
        "isLoop": false,
        "isAssign": false,
        "prefix": false,
        "postfix": false,
        "binop": null
      },
      "start": 57,
      "end": 58,
      "loc": {
        "start": {
          "line": 1,
          "column": 57
        },
        "end": {
          "line": 1,
          "column": 58
        }
      }
    },
    {
      "type": {
        "label": "name",
        "beforeExpr": false,
        "startsExpr": true,
        "rightAssociative": false,
        "isLoop": false,
        "isAssign": false,
        "prefix": false,
        "postfix": false,
        "binop": null
      },
      "value": "module",
      "start": 59,
      "end": 65,
      "loc": {
        "start": {
          "line": 2,
          "column": 0
        },
        "end": {
          "line": 2,
          "column": 6
        }
      }
    },
    {
      "type": {
        "label": ".",
        "beforeExpr": false,
        "startsExpr": false,
        "rightAssociative": false,
        "isLoop": false,
        "isAssign": false,
        "prefix": false,
        "postfix": false,
        "binop": null,
        "updateContext": null
      },
      "start": 65,
      "end": 66,
      "loc": {
        "start": {
          "line": 2,
          "column": 6
        },
        "end": {
          "line": 2,
          "column": 7
        }
      }
    },
    {
      "type": {
        "label": "name",
        "beforeExpr": false,
        "startsExpr": true,
        "rightAssociative": false,
        "isLoop": false,
        "isAssign": false,
        "prefix": false,
        "postfix": false,
        "binop": null
      },
      "value": "exports",
      "start": 66,
      "end": 73,
      "loc": {
        "start": {
          "line": 2,
          "column": 7
        },
        "end": {
          "line": 2,
          "column": 14
        }
      }
    },
    {
      "type": {
        "label": "=",
        "beforeExpr": true,
        "startsExpr": false,
        "rightAssociative": false,
        "isLoop": false,
        "isAssign": true,
        "prefix": false,
        "postfix": false,
        "binop": null,
        "updateContext": null
      },
      "value": "=",
      "start": 74,
      "end": 75,
      "loc": {
        "start": {
          "line": 2,
          "column": 15
        },
        "end": {
          "line": 2,
          "column": 16
        }
      }
    },
    {
      "type": {
        "label": "(",
        "beforeExpr": true,
        "startsExpr": true,
        "rightAssociative": false,
        "isLoop": false,
        "isAssign": false,
        "prefix": false,
        "postfix": false,
        "binop": null
      },
      "start": 76,
      "end": 77,
      "loc": {
        "start": {
          "line": 2,
          "column": 17
        },
        "end": {
          "line": 2,
          "column": 18
        }
      }
    },
    {
      "type": {
        "label": "name",
        "beforeExpr": false,
        "startsExpr": true,
        "rightAssociative": false,
        "isLoop": false,
        "isAssign": false,
        "prefix": false,
        "postfix": false,
        "binop": null
      },
      "value": "requisicao",
      "start": 77,
      "end": 87,
      "loc": {
        "start": {
          "line": 2,
          "column": 18
        },
        "end": {
          "line": 2,
          "column": 28
        }
      }
    },
    {
      "type": {
        "label": ",",
        "beforeExpr": true,
        "startsExpr": false,
        "rightAssociative": false,
        "isLoop": false,
        "isAssign": false,
        "prefix": false,
        "postfix": false,
        "binop": null,
        "updateContext": null
      },
      "start": 87,
      "end": 88,
      "loc": {
        "start": {
          "line": 2,
          "column": 28
        },
        "end": {
          "line": 2,
          "column": 29
        }
      }
    },
    {
      "type": {
        "label": "name",
        "beforeExpr": false,
        "startsExpr": true,
        "rightAssociative": false,
        "isLoop": false,
        "isAssign": false,
        "prefix": false,
        "postfix": false,
        "binop": null
      },
      "value": "resposta",
      "start": 89,
      "end": 97,
      "loc": {
        "start": {
          "line": 2,
          "column": 30
        },
        "end": {
          "line": 2,
          "column": 38
        }
      }
    },
    {
      "type": {
        "label": ",",
        "beforeExpr": true,
        "startsExpr": false,
        "rightAssociative": false,
        "isLoop": false,
        "isAssign": false,
        "prefix": false,
        "postfix": false,
        "binop": null,
        "updateContext": null
      },
      "start": 97,
      "end": 98,
      "loc": {
        "start": {
          "line": 2,
          "column": 38
        },
        "end": {
          "line": 2,
          "column": 39
        }
      }
    },
    {
      "type": {
        "label": "name",
        "beforeExpr": false,
        "startsExpr": true,
        "rightAssociative": false,
        "isLoop": false,
        "isAssign": false,
        "prefix": false,
        "postfix": false,
        "binop": null
      },
      "value": "proximo",
      "start": 99,
      "end": 106,
      "loc": {
        "start": {
          "line": 2,
          "column": 40
        },
        "end": {
          "line": 2,
          "column": 47
        }
      }
    },
    {
      "type": {
        "label": ")",
        "beforeExpr": false,
        "startsExpr": false,
        "rightAssociative": false,
        "isLoop": false,
        "isAssign": false,
        "prefix": false,
        "postfix": false,
        "binop": null
      },
      "start": 106,
      "end": 107,
      "loc": {
        "start": {
          "line": 2,
          "column": 47
        },
        "end": {
          "line": 2,
          "column": 48
        }
      }
    },
    {
      "type": {
        "label": "=>",
        "beforeExpr": true,
        "startsExpr": false,
        "rightAssociative": false,
        "isLoop": false,
        "isAssign": false,
        "prefix": false,
        "postfix": false,
        "binop": null,
        "updateContext": null
      },
      "start": 108,
      "end": 110,
      "loc": {
        "start": {
          "line": 2,
          "column": 49
        },
        "end": {
          "line": 2,
          "column": 51
        }
      }
    },
    {
      "type": {
        "label": "{",
        "beforeExpr": true,
        "startsExpr": true,
        "rightAssociative": false,
        "isLoop": false,
        "isAssign": false,
        "prefix": false,
        "postfix": false,
        "binop": null
      },
      "start": 111,
      "end": 112,
      "loc": {
        "start": {
          "line": 2,
          "column": 52
        },
        "end": {
          "line": 2,
          "column": 53
        }
      }
    },
    {
      "type": {
        "label": "name",
        "beforeExpr": false,
        "startsExpr": true,
        "rightAssociative": false,
        "isLoop": false,
        "isAssign": false,
        "prefix": false,
        "postfix": false,
        "binop": null
      },
      "value": "requisicao",
      "start": 117,
      "end": 127,
      "loc": {
        "start": {
          "line": 3,
          "column": 4
        },
        "end": {
          "line": 3,
          "column": 14
        }
      }
    },
    {
      "type": {
        "label": ".",
        "beforeExpr": false,
        "startsExpr": false,
        "rightAssociative": false,
        "isLoop": false,
        "isAssign": false,
        "prefix": false,
        "postfix": false,
        "binop": null,
        "updateContext": null
      },
      "start": 127,
      "end": 128,
      "loc": {
        "start": {
          "line": 3,
          "column": 14
        },
        "end": {
          "line": 3,
          "column": 15
        }
      }
    },
    {
      "type": {
        "label": "name",
        "beforeExpr": false,
        "startsExpr": true,
        "rightAssociative": false,
        "isLoop": false,
        "isAssign": false,
        "prefix": false,
        "postfix": false,
        "binop": null
      },
      "value": "estaAutenticado",
      "start": 128,
      "end": 143,
      "loc": {
        "start": {
          "line": 3,
          "column": 15
        },
        "end": {
          "line": 3,
          "column": 30
        }
      }
    },
    {
      "type": {
        "label": "=",
        "beforeExpr": true,
        "startsExpr": false,
        "rightAssociative": false,
        "isLoop": false,
        "isAssign": true,
        "prefix": false,
        "postfix": false,
        "binop": null,
        "updateContext": null
      },
      "value": "=",
      "start": 144,
      "end": 145,
      "loc": {
        "start": {
          "line": 3,
          "column": 31
        },
        "end": {
          "line": 3,
          "column": 32
        }
      }
    },
    {
      "type": {
        "label": "false",
        "keyword": "false",
        "beforeExpr": false,
        "startsExpr": true,
        "rightAssociative": false,
        "isLoop": false,
        "isAssign": false,
        "prefix": false,
        "postfix": false,
        "binop": null,
        "updateContext": null
      },
      "value": "false",
      "start": 146,
      "end": 151,
      "loc": {
        "start": {
          "line": 3,
          "column": 33
        },
        "end": {
          "line": 3,
          "column": 38
        }
      }
    },
    {
      "type": {
        "label": "if",
        "keyword": "if",
        "beforeExpr": false,
        "startsExpr": false,
        "rightAssociative": false,
        "isLoop": false,
        "isAssign": false,
        "prefix": false,
        "postfix": false,
        "binop": null,
        "updateContext": null
      },
      "value": "if",
      "start": 157,
      "end": 159,
      "loc": {
        "start": {
          "line": 5,
          "column": 4
        },
        "end": {
          "line": 5,
          "column": 6
        }
      }
    },
    {
      "type": {
        "label": "(",
        "beforeExpr": true,
        "startsExpr": true,
        "rightAssociative": false,
        "isLoop": false,
        "isAssign": false,
        "prefix": false,
        "postfix": false,
        "binop": null
      },
      "start": 160,
      "end": 161,
      "loc": {
        "start": {
          "line": 5,
          "column": 7
        },
        "end": {
          "line": 5,
          "column": 8
        }
      }
    },
    {
      "type": {
        "label": "name",
        "beforeExpr": false,
        "startsExpr": true,
        "rightAssociative": false,
        "isLoop": false,
        "isAssign": false,
        "prefix": false,
        "postfix": false,
        "binop": null
      },
      "value": "requisicao",
      "start": 161,
      "end": 171,
      "loc": {
        "start": {
          "line": 5,
          "column": 8
        },
        "end": {
          "line": 5,
          "column": 18
        }
      }
    },
    {
      "type": {
        "label": ".",
        "beforeExpr": false,
        "startsExpr": false,
        "rightAssociative": false,
        "isLoop": false,
        "isAssign": false,
        "prefix": false,
        "postfix": false,
        "binop": null,
        "updateContext": null
      },
      "start": 171,
      "end": 172,
      "loc": {
        "start": {
          "line": 5,
          "column": 18
        },
        "end": {
          "line": 5,
          "column": 19
        }
      }
    },
    {
      "type": {
        "label": "name",
        "beforeExpr": false,
        "startsExpr": true,
        "rightAssociative": false,
        "isLoop": false,
        "isAssign": false,
        "prefix": false,
        "postfix": false,
        "binop": null
      },
      "value": "get",
      "start": 172,
      "end": 175,
      "loc": {
        "start": {
          "line": 5,
          "column": 19
        },
        "end": {
          "line": 5,
          "column": 22
        }
      }
    },
    {
      "type": {
        "label": "(",
        "beforeExpr": true,
        "startsExpr": true,
        "rightAssociative": false,
        "isLoop": false,
        "isAssign": false,
        "prefix": false,
        "postfix": false,
        "binop": null
      },
      "start": 175,
      "end": 176,
      "loc": {
        "start": {
          "line": 5,
          "column": 22
        },
        "end": {
          "line": 5,
          "column": 23
        }
      }
    },
    {
      "type": {
        "label": "string",
        "beforeExpr": false,
        "startsExpr": true,
        "rightAssociative": false,
        "isLoop": false,
        "isAssign": false,
        "prefix": false,
        "postfix": false,
        "binop": null,
        "updateContext": null
      },
      "value": "Authorization",
      "start": 176,
      "end": 191,
      "loc": {
        "start": {
          "line": 5,
          "column": 23
        },
        "end": {
          "line": 5,
          "column": 38
        }
      }
    },
    {
      "type": {
        "label": ")",
        "beforeExpr": false,
        "startsExpr": false,
        "rightAssociative": false,
        "isLoop": false,
        "isAssign": false,
        "prefix": false,
        "postfix": false,
        "binop": null
      },
      "start": 191,
      "end": 192,
      "loc": {
        "start": {
          "line": 5,
          "column": 38
        },
        "end": {
          "line": 5,
          "column": 39
        }
      }
    },
    {
      "type": {
        "label": ")",
        "beforeExpr": false,
        "startsExpr": false,
        "rightAssociative": false,
        "isLoop": false,
        "isAssign": false,
        "prefix": false,
        "postfix": false,
        "binop": null
      },
      "start": 192,
      "end": 193,
      "loc": {
        "start": {
          "line": 5,
          "column": 39
        },
        "end": {
          "line": 5,
          "column": 40
        }
      }
    },
    {
      "type": {
        "label": "{",
        "beforeExpr": true,
        "startsExpr": true,
        "rightAssociative": false,
        "isLoop": false,
        "isAssign": false,
        "prefix": false,
        "postfix": false,
        "binop": null
      },
      "start": 194,
      "end": 195,
      "loc": {
        "start": {
          "line": 5,
          "column": 41
        },
        "end": {
          "line": 5,
          "column": 42
        }
      }
    },
    {
      "type": {
        "label": "return",
        "keyword": "return",
        "beforeExpr": true,
        "startsExpr": false,
        "rightAssociative": false,
        "isLoop": false,
        "isAssign": false,
        "prefix": false,
        "postfix": false,
        "binop": null,
        "updateContext": null
      },
      "value": "return",
      "start": 204,
      "end": 210,
      "loc": {
        "start": {
          "line": 6,
          "column": 8
        },
        "end": {
          "line": 6,
          "column": 14
        }
      }
    },
    {
      "type": {
        "label": "name",
        "beforeExpr": false,
        "startsExpr": true,
        "rightAssociative": false,
        "isLoop": false,
        "isAssign": false,
        "prefix": false,
        "postfix": false,
        "binop": null
      },
      "value": "middlewaresAutenticacao",
      "start": 211,
      "end": 234,
      "loc": {
        "start": {
          "line": 6,
          "column": 15
        },
        "end": {
          "line": 6,
          "column": 38
        }
      }
    },
    {
      "type": {
        "label": ".",
        "beforeExpr": false,
        "startsExpr": false,
        "rightAssociative": false,
        "isLoop": false,
        "isAssign": false,
        "prefix": false,
        "postfix": false,
        "binop": null,
        "updateContext": null
      },
      "start": 234,
      "end": 235,
      "loc": {
        "start": {
          "line": 6,
          "column": 38
        },
        "end": {
          "line": 6,
          "column": 39
        }
      }
    },
    {
      "type": {
        "label": "name",
        "beforeExpr": false,
        "startsExpr": true,
        "rightAssociative": false,
        "isLoop": false,
        "isAssign": false,
        "prefix": false,
        "postfix": false,
        "binop": null
      },
      "value": "bearer",
      "start": 235,
      "end": 241,
      "loc": {
        "start": {
          "line": 6,
          "column": 39
        },
        "end": {
          "line": 6,
          "column": 45
        }
      }
    },
    {
      "type": {
        "label": "(",
        "beforeExpr": true,
        "startsExpr": true,
        "rightAssociative": false,
        "isLoop": false,
        "isAssign": false,
        "prefix": false,
        "postfix": false,
        "binop": null
      },
      "start": 241,
      "end": 242,
      "loc": {
        "start": {
          "line": 6,
          "column": 45
        },
        "end": {
          "line": 6,
          "column": 46
        }
      }
    },
    {
      "type": {
        "label": "name",
        "beforeExpr": false,
        "startsExpr": true,
        "rightAssociative": false,
        "isLoop": false,
        "isAssign": false,
        "prefix": false,
        "postfix": false,
        "binop": null
      },
      "value": "requisicao",
      "start": 242,
      "end": 252,
      "loc": {
        "start": {
          "line": 6,
          "column": 46
        },
        "end": {
          "line": 6,
          "column": 56
        }
      }
    },
    {
      "type": {
        "label": ",",
        "beforeExpr": true,
        "startsExpr": false,
        "rightAssociative": false,
        "isLoop": false,
        "isAssign": false,
        "prefix": false,
        "postfix": false,
        "binop": null,
        "updateContext": null
      },
      "start": 252,
      "end": 253,
      "loc": {
        "start": {
          "line": 6,
          "column": 56
        },
        "end": {
          "line": 6,
          "column": 57
        }
      }
    },
    {
      "type": {
        "label": "name",
        "beforeExpr": false,
        "startsExpr": true,
        "rightAssociative": false,
        "isLoop": false,
        "isAssign": false,
        "prefix": false,
        "postfix": false,
        "binop": null
      },
      "value": "resposta",
      "start": 254,
      "end": 262,
      "loc": {
        "start": {
          "line": 6,
          "column": 58
        },
        "end": {
          "line": 6,
          "column": 66
        }
      }
    },
    {
      "type": {
        "label": ",",
        "beforeExpr": true,
        "startsExpr": false,
        "rightAssociative": false,
        "isLoop": false,
        "isAssign": false,
        "prefix": false,
        "postfix": false,
        "binop": null,
        "updateContext": null
      },
      "start": 262,
      "end": 263,
      "loc": {
        "start": {
          "line": 6,
          "column": 66
        },
        "end": {
          "line": 6,
          "column": 67
        }
      }
    },
    {
      "type": {
        "label": "name",
        "beforeExpr": false,
        "startsExpr": true,
        "rightAssociative": false,
        "isLoop": false,
        "isAssign": false,
        "prefix": false,
        "postfix": false,
        "binop": null
      },
      "value": "proximo",
      "start": 264,
      "end": 271,
      "loc": {
        "start": {
          "line": 6,
          "column": 68
        },
        "end": {
          "line": 6,
          "column": 75
        }
      }
    },
    {
      "type": {
        "label": ")",
        "beforeExpr": false,
        "startsExpr": false,
        "rightAssociative": false,
        "isLoop": false,
        "isAssign": false,
        "prefix": false,
        "postfix": false,
        "binop": null
      },
      "start": 271,
      "end": 272,
      "loc": {
        "start": {
          "line": 6,
          "column": 75
        },
        "end": {
          "line": 6,
          "column": 76
        }
      }
    },
    {
      "type": {
        "label": "}",
        "beforeExpr": false,
        "startsExpr": false,
        "rightAssociative": false,
        "isLoop": false,
        "isAssign": false,
        "prefix": false,
        "postfix": false,
        "binop": null
      },
      "start": 277,
      "end": 278,
      "loc": {
        "start": {
          "line": 7,
          "column": 4
        },
        "end": {
          "line": 7,
          "column": 5
        }
      }
    },
    {
      "type": {
        "label": "name",
        "beforeExpr": false,
        "startsExpr": true,
        "rightAssociative": false,
        "isLoop": false,
        "isAssign": false,
        "prefix": false,
        "postfix": false,
        "binop": null
      },
      "value": "proximo",
      "start": 284,
      "end": 291,
      "loc": {
        "start": {
          "line": 9,
          "column": 4
        },
        "end": {
          "line": 9,
          "column": 11
        }
      }
    },
    {
      "type": {
        "label": "(",
        "beforeExpr": true,
        "startsExpr": true,
        "rightAssociative": false,
        "isLoop": false,
        "isAssign": false,
        "prefix": false,
        "postfix": false,
        "binop": null
      },
      "start": 291,
      "end": 292,
      "loc": {
        "start": {
          "line": 9,
          "column": 11
        },
        "end": {
          "line": 9,
          "column": 12
        }
      }
    },
    {
      "type": {
        "label": ")",
        "beforeExpr": false,
        "startsExpr": false,
        "rightAssociative": false,
        "isLoop": false,
        "isAssign": false,
        "prefix": false,
        "postfix": false,
        "binop": null
      },
      "start": 292,
      "end": 293,
      "loc": {
        "start": {
          "line": 9,
          "column": 12
        },
        "end": {
          "line": 9,
          "column": 13
        }
      }
    },
    {
      "type": {
        "label": "}",
        "beforeExpr": false,
        "startsExpr": false,
        "rightAssociative": false,
        "isLoop": false,
        "isAssign": false,
        "prefix": false,
        "postfix": false,
        "binop": null
      },
      "start": 294,
      "end": 295,
      "loc": {
        "start": {
          "line": 10,
          "column": 0
        },
        "end": {
          "line": 10,
          "column": 1
        }
      }
    },
    {
      "type": {
        "label": "eof",
        "beforeExpr": false,
        "startsExpr": false,
        "rightAssociative": false,
        "isLoop": false,
        "isAssign": false,
        "prefix": false,
        "postfix": false,
        "binop": null,
        "updateContext": null
      },
      "start": 295,
      "end": 295,
      "loc": {
        "start": {
          "line": 10,
          "column": 1
        },
        "end": {
          "line": 10,
          "column": 1
        }
      }
    }
  ]
}