{
  "type": "File",
  "start": 0,
  "end": 487,
  "loc": {
    "start": {
      "line": 1,
      "column": 0
    },
    "end": {
      "line": 23,
      "column": 25
    }
  },
  "program": {
    "type": "Program",
    "start": 0,
    "end": 487,
    "loc": {
      "start": {
        "line": 1,
        "column": 0
      },
      "end": {
        "line": 23,
        "column": 25
      }
    },
    "sourceType": "module",
    "body": [
      {
        "type": "VariableDeclaration",
        "start": 0,
        "end": 46,
        "loc": {
          "start": {
            "line": 1,
            "column": 0
          },
          "end": {
            "line": 1,
            "column": 46
          }
        },
        "declarations": [
          {
            "type": "VariableDeclarator",
            "start": 6,
            "end": 46,
            "loc": {
              "start": {
                "line": 1,
                "column": 6
              },
              "end": {
                "line": 1,
                "column": 46
              }
            },
            "id": {
              "type": "Identifier",
              "start": 6,
              "end": 19,
              "loc": {
                "start": {
                  "line": 1,
                  "column": 6
                },
                "end": {
                  "line": 1,
                  "column": 19
                },
                "identifierName": "AccessControl"
              },
              "name": "AccessControl"
            },
            "init": {
              "type": "CallExpression",
              "start": 22,
              "end": 46,
              "loc": {
                "start": {
                  "line": 1,
                  "column": 22
                },
                "end": {
                  "line": 1,
                  "column": 46
                }
              },
              "callee": {
                "type": "Identifier",
                "start": 22,
                "end": 29,
                "loc": {
                  "start": {
                    "line": 1,
                    "column": 22
                  },
                  "end": {
                    "line": 1,
                    "column": 29
                  },
                  "identifierName": "require"
                },
                "name": "require"
              },
              "arguments": [
                {
                  "type": "StringLiteral",
                  "start": 30,
                  "end": 45,
                  "loc": {
                    "start": {
                      "line": 1,
                      "column": 30
                    },
                    "end": {
                      "line": 1,
                      "column": 45
                    }
                  },
                  "extra": {
                    "rawValue": "accesscontrol",
                    "raw": "'accesscontrol'"
                  },
                  "value": "accesscontrol"
                }
              ]
            }
          }
        ],
        "kind": "const"
      },
      {
        "type": "VariableDeclaration",
        "start": 47,
        "end": 83,
        "loc": {
          "start": {
            "line": 2,
            "column": 0
          },
          "end": {
            "line": 2,
            "column": 36
          }
        },
        "declarations": [
          {
            "type": "VariableDeclarator",
            "start": 53,
            "end": 83,
            "loc": {
              "start": {
                "line": 2,
                "column": 6
              },
              "end": {
                "line": 2,
                "column": 36
              }
            },
            "id": {
              "type": "Identifier",
              "start": 53,
              "end": 61,
              "loc": {
                "start": {
                  "line": 2,
                  "column": 6
                },
                "end": {
                  "line": 2,
                  "column": 14
                },
                "identifierName": "controle"
              },
              "name": "controle"
            },
            "init": {
              "type": "NewExpression",
              "start": 64,
              "end": 83,
              "loc": {
                "start": {
                  "line": 2,
                  "column": 17
                },
                "end": {
                  "line": 2,
                  "column": 36
                }
              },
              "callee": {
                "type": "Identifier",
                "start": 68,
                "end": 81,
                "loc": {
                  "start": {
                    "line": 2,
                    "column": 21
                  },
                  "end": {
                    "line": 2,
                    "column": 34
                  },
                  "identifierName": "AccessControl"
                },
                "name": "AccessControl"
              },
              "arguments": []
            }
          }
        ],
        "kind": "const"
      },
      {
        "type": "ExpressionStatement",
        "start": 85,
        "end": 211,
        "loc": {
          "start": {
            "line": 4,
            "column": 0
          },
          "end": {
            "line": 7,
            "column": 33
          }
        },
        "expression": {
          "type": "CallExpression",
          "start": 85,
          "end": 211,
          "loc": {
            "start": {
              "line": 4,
              "column": 0
            },
            "end": {
              "line": 7,
              "column": 33
            }
          },
          "callee": {
            "type": "MemberExpression",
            "start": 85,
            "end": 190,
            "loc": {
              "start": {
                "line": 4,
                "column": 0
              },
              "end": {
                "line": 7,
                "column": 12
              }
            },
            "object": {
              "type": "CallExpression",
              "start": 85,
              "end": 177,
              "loc": {
                "start": {
                  "line": 4,
                  "column": 0
                },
                "end": {
                  "line": 6,
                  "column": 59
                }
              },
              "callee": {
                "type": "MemberExpression",
                "start": 85,
                "end": 130,
                "loc": {
                  "start": {
                    "line": 4,
                    "column": 0
                  },
                  "end": {
                    "line": 6,
                    "column": 12
                  }
                },
                "object": {
                  "type": "CallExpression",
                  "start": 85,
                  "end": 117,
                  "loc": {
                    "start": {
                      "line": 4,
                      "column": 0
                    },
                    "end": {
                      "line": 5,
                      "column": 23
                    }
                  },
                  "callee": {
                    "type": "MemberExpression",
                    "start": 85,
                    "end": 104,
                    "loc": {
                      "start": {
                        "line": 4,
                        "column": 0
                      },
                      "end": {
                        "line": 5,
                        "column": 10
                      }
                    },
                    "object": {
                      "type": "Identifier",
                      "start": 85,
                      "end": 93,
                      "loc": {
                        "start": {
                          "line": 4,
                          "column": 0
                        },
                        "end": {
                          "line": 4,
                          "column": 8
                        },
                        "identifierName": "controle"
                      },
                      "name": "controle"
                    },
                    "property": {
                      "type": "Identifier",
                      "start": 99,
                      "end": 104,
                      "loc": {
                        "start": {
                          "line": 5,
                          "column": 5
                        },
                        "end": {
                          "line": 5,
                          "column": 10
                        },
                        "identifierName": "grant"
                      },
                      "name": "grant"
                    },
                    "computed": false
                  },
                  "arguments": [
                    {
                      "type": "StringLiteral",
                      "start": 105,
                      "end": 116,
                      "loc": {
                        "start": {
                          "line": 5,
                          "column": 11
                        },
                        "end": {
                          "line": 5,
                          "column": 22
                        }
                      },
                      "extra": {
                        "rawValue": "assinante",
                        "raw": "'assinante'"
                      },
                      "value": "assinante"
                    }
                  ]
                },
                "property": {
                  "type": "Identifier",
                  "start": 123,
                  "end": 130,
                  "loc": {
                    "start": {
                      "line": 6,
                      "column": 5
                    },
                    "end": {
                      "line": 6,
                      "column": 12
                    },
                    "identifierName": "readAny"
                  },
                  "name": "readAny"
                },
                "computed": false
              },
              "arguments": [
                {
                  "type": "StringLiteral",
                  "start": 131,
                  "end": 137,
                  "loc": {
                    "start": {
                      "line": 6,
                      "column": 13
                    },
                    "end": {
                      "line": 6,
                      "column": 19
                    }
                  },
                  "extra": {
                    "rawValue": "post",
                    "raw": "'post'"
                  },
                  "value": "post"
                },
                {
                  "type": "ArrayExpression",
                  "start": 139,
                  "end": 176,
                  "loc": {
                    "start": {
                      "line": 6,
                      "column": 21
                    },
                    "end": {
                      "line": 6,
                      "column": 58
                    }
                  },
                  "elements": [
                    {
                      "type": "StringLiteral",
                      "start": 140,
                      "end": 144,
                      "loc": {
                        "start": {
                          "line": 6,
                          "column": 22
                        },
                        "end": {
                          "line": 6,
                          "column": 26
                        }
                      },
                      "extra": {
                        "rawValue": "id",
                        "raw": "'id'"
                      },
                      "value": "id"
                    },
                    {
                      "type": "StringLiteral",
                      "start": 146,
                      "end": 154,
                      "loc": {
                        "start": {
                          "line": 6,
                          "column": 28
                        },
                        "end": {
                          "line": 6,
                          "column": 36
                        }
                      },
                      "extra": {
                        "rawValue": "titulo",
                        "raw": "'titulo'"
                      },
                      "value": "titulo"
                    },
                    {
                      "type": "StringLiteral",
                      "start": 156,
                      "end": 166,
                      "loc": {
                        "start": {
                          "line": 6,
                          "column": 38
                        },
                        "end": {
                          "line": 6,
                          "column": 48
                        }
                      },
                      "extra": {
                        "rawValue": "conteudo",
                        "raw": "'conteudo'"
                      },
                      "value": "conteudo"
                    },
                    {
                      "type": "StringLiteral",
                      "start": 168,
                      "end": 175,
                      "loc": {
                        "start": {
                          "line": 6,
                          "column": 50
                        },
                        "end": {
                          "line": 6,
                          "column": 57
                        }
                      },
                      "extra": {
                        "rawValue": "autor",
                        "raw": "'autor'"
                      },
                      "value": "autor"
                    }
                  ]
                }
              ]
            },
            "property": {
              "type": "Identifier",
              "start": 183,
              "end": 190,
              "loc": {
                "start": {
                  "line": 7,
                  "column": 5
                },
                "end": {
                  "line": 7,
                  "column": 12
                },
                "identifierName": "readAny"
              },
              "name": "readAny"
            },
            "computed": false
          },
          "arguments": [
            {
              "type": "StringLiteral",
              "start": 191,
              "end": 200,
              "loc": {
                "start": {
                  "line": 7,
                  "column": 13
                },
                "end": {
                  "line": 7,
                  "column": 22
                }
              },
              "extra": {
                "rawValue": "usuario",
                "raw": "'usuario'"
              },
              "value": "usuario"
            },
            {
              "type": "ArrayExpression",
              "start": 202,
              "end": 210,
              "loc": {
                "start": {
                  "line": 7,
                  "column": 24
                },
                "end": {
                  "line": 7,
                  "column": 32
                }
              },
              "elements": [
                {
                  "type": "StringLiteral",
                  "start": 203,
                  "end": 209,
                  "loc": {
                    "start": {
                      "line": 7,
                      "column": 25
                    },
                    "end": {
                      "line": 7,
                      "column": 31
                    }
                  },
                  "extra": {
                    "rawValue": "nome",
                    "raw": "'nome'"
                  },
                  "value": "nome"
                }
              ]
            }
          ]
        }
      },
      {
        "type": "ExpressionStatement",
        "start": 213,
        "end": 313,
        "loc": {
          "start": {
            "line": 9,
            "column": 0
          },
          "end": {
            "line": 13,
            "column": 22
          }
        },
        "expression": {
          "type": "CallExpression",
          "start": 213,
          "end": 313,
          "loc": {
            "start": {
              "line": 9,
              "column": 0
            },
            "end": {
              "line": 13,
              "column": 22
            }
          },
          "callee": {
            "type": "MemberExpression",
            "start": 213,
            "end": 305,
            "loc": {
              "start": {
                "line": 9,
                "column": 0
              },
              "end": {
                "line": 13,
                "column": 14
              }
            },
            "object": {
              "type": "CallExpression",
              "start": 213,
              "end": 290,
              "loc": {
                "start": {
                  "line": 9,
                  "column": 0
                },
                "end": {
                  "line": 12,
                  "column": 22
                }
              },
              "callee": {
                "type": "MemberExpression",
                "start": 213,
                "end": 282,
                "loc": {
                  "start": {
                    "line": 9,
                    "column": 0
                  },
                  "end": {
                    "line": 12,
                    "column": 14
                  }
                },
                "object": {
                  "type": "CallExpression",
                  "start": 213,
                  "end": 267,
                  "loc": {
                    "start": {
                      "line": 9,
                      "column": 0
                    },
                    "end": {
                      "line": 11,
                      "column": 24
                    }
                  },
                  "callee": {
                    "type": "MemberExpression",
                    "start": 213,
                    "end": 254,
                    "loc": {
                      "start": {
                        "line": 9,
                        "column": 0
                      },
                      "end": {
                        "line": 11,
                        "column": 11
                      }
                    },
                    "object": {
                      "type": "CallExpression",
                      "start": 213,
                      "end": 242,
                      "loc": {
                        "start": {
                          "line": 9,
                          "column": 0
                        },
                        "end": {
                          "line": 10,
                          "column": 20
                        }
                      },
                      "callee": {
                        "type": "MemberExpression",
                        "start": 213,
                        "end": 232,
                        "loc": {
                          "start": {
                            "line": 9,
                            "column": 0
                          },
                          "end": {
                            "line": 10,
                            "column": 10
                          }
                        },
                        "object": {
                          "type": "Identifier",
                          "start": 213,
                          "end": 221,
                          "loc": {
                            "start": {
                              "line": 9,
                              "column": 0
                            },
                            "end": {
                              "line": 9,
                              "column": 8
                            },
                            "identifierName": "controle"
                          },
                          "name": "controle"
                        },
                        "property": {
                          "type": "Identifier",
                          "start": 227,
                          "end": 232,
                          "loc": {
                            "start": {
                              "line": 10,
                              "column": 5
                            },
                            "end": {
                              "line": 10,
                              "column": 10
                            },
                            "identifierName": "grant"
                          },
                          "name": "grant"
                        },
                        "computed": false
                      },
                      "arguments": [
                        {
                          "type": "StringLiteral",
                          "start": 233,
                          "end": 241,
                          "loc": {
                            "start": {
                              "line": 10,
                              "column": 11
                            },
                            "end": {
                              "line": 10,
                              "column": 19
                            }
                          },
                          "extra": {
                            "rawValue": "editor",
                            "raw": "'editor'"
                          },
                          "value": "editor"
                        }
                      ]
                    },
                    "property": {
                      "type": "Identifier",
                      "start": 248,
                      "end": 254,
                      "loc": {
                        "start": {
                          "line": 11,
                          "column": 5
                        },
                        "end": {
                          "line": 11,
                          "column": 11
                        },
                        "identifierName": "extend"
                      },
                      "name": "extend"
                    },
                    "computed": false
                  },
                  "arguments": [
                    {
                      "type": "StringLiteral",
                      "start": 255,
                      "end": 266,
                      "loc": {
                        "start": {
                          "line": 11,
                          "column": 12
                        },
                        "end": {
                          "line": 11,
                          "column": 23
                        }
                      },
                      "extra": {
                        "rawValue": "assinante",
                        "raw": "'assinante'"
                      },
                      "value": "assinante"
                    }
                  ]
                },
                "property": {
                  "type": "Identifier",
                  "start": 273,
                  "end": 282,
                  "loc": {
                    "start": {
                      "line": 12,
                      "column": 5
                    },
                    "end": {
                      "line": 12,
                      "column": 14
                    },
                    "identifierName": "createOwn"
                  },
                  "name": "createOwn"
                },
                "computed": false
              },
              "arguments": [
                {
                  "type": "StringLiteral",
                  "start": 283,
                  "end": 289,
                  "loc": {
                    "start": {
                      "line": 12,
                      "column": 15
                    },
                    "end": {
                      "line": 12,
                      "column": 21
                    }
                  },
                  "extra": {
                    "rawValue": "post",
                    "raw": "'post'"
                  },
                  "value": "post"
                }
              ]
            },
            "property": {
              "type": "Identifier",
              "start": 296,
              "end": 305,
              "loc": {
                "start": {
                  "line": 13,
                  "column": 5
                },
                "end": {
                  "line": 13,
                  "column": 14
                },
                "identifierName": "deleteOwn"
              },
              "name": "deleteOwn"
            },
            "computed": false
          },
          "arguments": [
            {
              "type": "StringLiteral",
              "start": 306,
              "end": 312,
              "loc": {
                "start": {
                  "line": 13,
                  "column": 15
                },
                "end": {
                  "line": 13,
                  "column": 21
                }
              },
              "extra": {
                "rawValue": "post",
                "raw": "'post'"
              },
              "value": "post"
            }
          ]
        }
      },
      {
        "type": "ExpressionStatement",
        "start": 315,
        "end": 460,
        "loc": {
          "start": {
            "line": 15,
            "column": 0
          },
          "end": {
            "line": 21,
            "column": 25
          }
        },
        "expression": {
          "type": "CallExpression",
          "start": 315,
          "end": 460,
          "loc": {
            "start": {
              "line": 15,
              "column": 0
            },
            "end": {
              "line": 21,
              "column": 25
            }
          },
          "callee": {
            "type": "MemberExpression",
            "start": 315,
            "end": 449,
            "loc": {
              "start": {
                "line": 15,
                "column": 0
              },
              "end": {
                "line": 21,
                "column": 14
              }
            },
            "object": {
              "type": "CallExpression",
              "start": 315,
              "end": 434,
              "loc": {
                "start": {
                  "line": 15,
                  "column": 0
                },
                "end": {
                  "line": 20,
                  "column": 23
                }
              },
              "callee": {
                "type": "MemberExpression",
                "start": 315,
                "end": 423,
                "loc": {
                  "start": {
                    "line": 15,
                    "column": 0
                  },
                  "end": {
                    "line": 20,
                    "column": 12
                  }
                },
                "object": {
                  "type": "CallExpression",
                  "start": 315,
                  "end": 410,
                  "loc": {
                    "start": {
                      "line": 15,
                      "column": 0
                    },
                    "end": {
                      "line": 19,
                      "column": 22
                    }
                  },
                  "callee": {
                    "type": "MemberExpression",
                    "start": 315,
                    "end": 402,
                    "loc": {
                      "start": {
                        "line": 15,
                        "column": 0
                      },
                      "end": {
                        "line": 19,
                        "column": 14
                      }
                    },
                    "object": {
                      "type": "CallExpression",
                      "start": 315,
                      "end": 387,
                      "loc": {
                        "start": {
                          "line": 15,
                          "column": 0
                        },
                        "end": {
                          "line": 18,
                          "column": 22
                        }
                      },
                      "callee": {
                        "type": "MemberExpression",
                        "start": 315,
                        "end": 379,
                        "loc": {
                          "start": {
                            "line": 15,
                            "column": 0
                          },
                          "end": {
                            "line": 18,
                            "column": 14
                          }
                        },
                        "object": {
                          "type": "CallExpression",
                          "start": 315,
                          "end": 364,
                          "loc": {
                            "start": {
                              "line": 15,
                              "column": 0
                            },
                            "end": {
                              "line": 17,
                              "column": 20
                            }
                          },
                          "callee": {
                            "type": "MemberExpression",
                            "start": 315,
                            "end": 356,
                            "loc": {
                              "start": {
                                "line": 15,
                                "column": 0
                              },
                              "end": {
                                "line": 17,
                                "column": 12
                              }
                            },
                            "object": {
                              "type": "CallExpression",
                              "start": 315,
                              "end": 343,
                              "loc": {
                                "start": {
                                  "line": 15,
                                  "column": 0
                                },
                                "end": {
                                  "line": 16,
                                  "column": 19
                                }
                              },
                              "callee": {
                                "type": "MemberExpression",
                                "start": 315,
                                "end": 334,
                                "loc": {
                                  "start": {
                                    "line": 15,
                                    "column": 0
                                  },
                                  "end": {
                                    "line": 16,
                                    "column": 10
                                  }
                                },
                                "object": {
                                  "type": "Identifier",
                                  "start": 315,
                                  "end": 323,
                                  "loc": {
                                    "start": {
                                      "line": 15,
                                      "column": 0
                                    },
                                    "end": {
                                      "line": 15,
                                      "column": 8
                                    },
                                    "identifierName": "controle"
                                  },
                                  "name": "controle"
                                },
                                "property": {
                                  "type": "Identifier",
                                  "start": 329,
                                  "end": 334,
                                  "loc": {
                                    "start": {
                                      "line": 16,
                                      "column": 5
                                    },
                                    "end": {
                                      "line": 16,
                                      "column": 10
                                    },
                                    "identifierName": "grant"
                                  },
                                  "name": "grant"
                                },
                                "computed": false
                              },
                              "arguments": [
                                {
                                  "type": "StringLiteral",
                                  "start": 335,
                                  "end": 342,
                                  "loc": {
                                    "start": {
                                      "line": 16,
                                      "column": 11
                                    },
                                    "end": {
                                      "line": 16,
                                      "column": 18
                                    }
                                  },
                                  "extra": {
                                    "rawValue": "admin",
                                    "raw": "'admin'"
                                  },
                                  "value": "admin"
                                }
                              ]
                            },
                            "property": {
                              "type": "Identifier",
                              "start": 349,
                              "end": 356,
                              "loc": {
                                "start": {
                                  "line": 17,
                                  "column": 5
                                },
                                "end": {
                                  "line": 17,
                                  "column": 12
                                },
                                "identifierName": "readAny"
                              },
                              "name": "readAny"
                            },
                            "computed": false
                          },
                          "arguments": [
                            {
                              "type": "StringLiteral",
                              "start": 357,
                              "end": 363,
                              "loc": {
                                "start": {
                                  "line": 17,
                                  "column": 13
                                },
                                "end": {
                                  "line": 17,
                                  "column": 19
                                }
                              },
                              "extra": {
                                "rawValue": "post",
                                "raw": "'post'"
                              },
                              "value": "post"
                            }
                          ]
                        },
                        "property": {
                          "type": "Identifier",
                          "start": 370,
                          "end": 379,
                          "loc": {
                            "start": {
                              "line": 18,
                              "column": 5
                            },
                            "end": {
                              "line": 18,
                              "column": 14
                            },
                            "identifierName": "createAny"
                          },
                          "name": "createAny"
                        },
                        "computed": false
                      },
                      "arguments": [
                        {
                          "type": "StringLiteral",
                          "start": 380,
                          "end": 386,
                          "loc": {
                            "start": {
                              "line": 18,
                              "column": 15
                            },
                            "end": {
                              "line": 18,
                              "column": 21
                            }
                          },
                          "extra": {
                            "rawValue": "post",
                            "raw": "'post'"
                          },
                          "value": "post"
                        }
                      ]
                    },
                    "property": {
                      "type": "Identifier",
                      "start": 393,
                      "end": 402,
                      "loc": {
                        "start": {
                          "line": 19,
                          "column": 5
                        },
                        "end": {
                          "line": 19,
                          "column": 14
                        },
                        "identifierName": "deleteAny"
                      },
                      "name": "deleteAny"
                    },
                    "computed": false
                  },
                  "arguments": [
                    {
                      "type": "StringLiteral",
                      "start": 403,
                      "end": 409,
                      "loc": {
                        "start": {
                          "line": 19,
                          "column": 15
                        },
                        "end": {
                          "line": 19,
                          "column": 21
                        }
                      },
                      "extra": {
                        "rawValue": "post",
                        "raw": "'post'"
                      },
                      "value": "post"
                    }
                  ]
                },
                "property": {
                  "type": "Identifier",
                  "start": 416,
                  "end": 423,
                  "loc": {
                    "start": {
                      "line": 20,
                      "column": 5
                    },
                    "end": {
                      "line": 20,
                      "column": 12
                    },
                    "identifierName": "readAny"
                  },
                  "name": "readAny"
                },
                "computed": false
              },
              "arguments": [
                {
                  "type": "StringLiteral",
                  "start": 424,
                  "end": 433,
                  "loc": {
                    "start": {
                      "line": 20,
                      "column": 13
                    },
                    "end": {
                      "line": 20,
                      "column": 22
                    }
                  },
                  "extra": {
                    "rawValue": "usuario",
                    "raw": "'usuario'"
                  },
                  "value": "usuario"
                }
              ]
            },
            "property": {
              "type": "Identifier",
              "start": 440,
              "end": 449,
              "loc": {
                "start": {
                  "line": 21,
                  "column": 5
                },
                "end": {
                  "line": 21,
                  "column": 14
                },
                "identifierName": "deleteAny"
              },
              "name": "deleteAny"
            },
            "computed": false
          },
          "arguments": [
            {
              "type": "StringLiteral",
              "start": 450,
              "end": 459,
              "loc": {
                "start": {
                  "line": 21,
                  "column": 15
                },
                "end": {
                  "line": 21,
                  "column": 24
                }
              },
              "extra": {
                "rawValue": "usuario",
                "raw": "'usuario'"
              },
              "value": "usuario"
            }
          ]
        }
      },
      {
        "type": "ExpressionStatement",
        "start": 462,
        "end": 487,
        "loc": {
          "start": {
            "line": 23,
            "column": 0
          },
          "end": {
            "line": 23,
            "column": 25
          }
        },
        "expression": {
          "type": "AssignmentExpression",
          "start": 462,
          "end": 487,
          "loc": {
            "start": {
              "line": 23,
              "column": 0
            },
            "end": {
              "line": 23,
              "column": 25
            }
          },
          "operator": "=",
          "left": {
            "type": "MemberExpression",
            "start": 462,
            "end": 476,
            "loc": {
              "start": {
                "line": 23,
                "column": 0
              },
              "end": {
                "line": 23,
                "column": 14
              }
            },
            "object": {
              "type": "Identifier",
              "start": 462,
              "end": 468,
              "loc": {
                "start": {
                  "line": 23,
                  "column": 0
                },
                "end": {
                  "line": 23,
                  "column": 6
                },
                "identifierName": "module"
              },
              "name": "module"
            },
            "property": {
              "type": "Identifier",
              "start": 469,
              "end": 476,
              "loc": {
                "start": {
                  "line": 23,
                  "column": 7
                },
                "end": {
                  "line": 23,
                  "column": 14
                },
                "identifierName": "exports"
              },
              "name": "exports"
            },
            "computed": false
          },
          "right": {
            "type": "Identifier",
            "start": 479,
            "end": 487,
            "loc": {
              "start": {
                "line": 23,
                "column": 17
              },
              "end": {
                "line": 23,
                "column": 25
              },
              "identifierName": "controle"
            },
            "name": "controle"
          }
        }
      }
    ],
    "directives": []
  },
  "comments": [],
  "tokens": [
    {
      "type": {
        "label": "const",
        "keyword": "const",
        "beforeExpr": false,
        "startsExpr": false,
        "rightAssociative": false,
        "isLoop": false,
        "isAssign": false,
        "prefix": false,
        "postfix": false,
        "binop": null,
        "updateContext": null
      },
      "value": "const",
      "start": 0,
      "end": 5,
      "loc": {
        "start": {
          "line": 1,
          "column": 0
        },
        "end": {
          "line": 1,
          "column": 5
        }
      }
    },
    {
      "type": {
        "label": "name",
        "beforeExpr": false,
        "startsExpr": true,
        "rightAssociative": false,
        "isLoop": false,
        "isAssign": false,
        "prefix": false,
        "postfix": false,
        "binop": null
      },
      "value": "AccessControl",
      "start": 6,
      "end": 19,
      "loc": {
        "start": {
          "line": 1,
          "column": 6
        },
        "end": {
          "line": 1,
          "column": 19
        }
      }
    },
    {
      "type": {
        "label": "=",
        "beforeExpr": true,
        "startsExpr": false,
        "rightAssociative": false,
        "isLoop": false,
        "isAssign": true,
        "prefix": false,
        "postfix": false,
        "binop": null,
        "updateContext": null
      },
      "value": "=",
      "start": 20,
      "end": 21,
      "loc": {
        "start": {
          "line": 1,
          "column": 20
        },
        "end": {
          "line": 1,
          "column": 21
        }
      }
    },
    {
      "type": {
        "label": "name",
        "beforeExpr": false,
        "startsExpr": true,
        "rightAssociative": false,
        "isLoop": false,
        "isAssign": false,
        "prefix": false,
        "postfix": false,
        "binop": null
      },
      "value": "require",
      "start": 22,
      "end": 29,
      "loc": {
        "start": {
          "line": 1,
          "column": 22
        },
        "end": {
          "line": 1,
          "column": 29
        }
      }
    },
    {
      "type": {
        "label": "(",
        "beforeExpr": true,
        "startsExpr": true,
        "rightAssociative": false,
        "isLoop": false,
        "isAssign": false,
        "prefix": false,
        "postfix": false,
        "binop": null
      },
      "start": 29,
      "end": 30,
      "loc": {
        "start": {
          "line": 1,
          "column": 29
        },
        "end": {
          "line": 1,
          "column": 30
        }
      }
    },
    {
      "type": {
        "label": "string",
        "beforeExpr": false,
        "startsExpr": true,
        "rightAssociative": false,
        "isLoop": false,
        "isAssign": false,
        "prefix": false,
        "postfix": false,
        "binop": null,
        "updateContext": null
      },
      "value": "accesscontrol",
      "start": 30,
      "end": 45,
      "loc": {
        "start": {
          "line": 1,
          "column": 30
        },
        "end": {
          "line": 1,
          "column": 45
        }
      }
    },
    {
      "type": {
        "label": ")",
        "beforeExpr": false,
        "startsExpr": false,
        "rightAssociative": false,
        "isLoop": false,
        "isAssign": false,
        "prefix": false,
        "postfix": false,
        "binop": null
      },
      "start": 45,
      "end": 46,
      "loc": {
        "start": {
          "line": 1,
          "column": 45
        },
        "end": {
          "line": 1,
          "column": 46
        }
      }
    },
    {
      "type": {
        "label": "const",
        "keyword": "const",
        "beforeExpr": false,
        "startsExpr": false,
        "rightAssociative": false,
        "isLoop": false,
        "isAssign": false,
        "prefix": false,
        "postfix": false,
        "binop": null,
        "updateContext": null
      },
      "value": "const",
      "start": 47,
      "end": 52,
      "loc": {
        "start": {
          "line": 2,
          "column": 0
        },
        "end": {
          "line": 2,
          "column": 5
        }
      }
    },
    {
      "type": {
        "label": "name",
        "beforeExpr": false,
        "startsExpr": true,
        "rightAssociative": false,
        "isLoop": false,
        "isAssign": false,
        "prefix": false,
        "postfix": false,
        "binop": null
      },
      "value": "controle",
      "start": 53,
      "end": 61,
      "loc": {
        "start": {
          "line": 2,
          "column": 6
        },
        "end": {
          "line": 2,
          "column": 14
        }
      }
    },
    {
      "type": {
        "label": "=",
        "beforeExpr": true,
        "startsExpr": false,
        "rightAssociative": false,
        "isLoop": false,
        "isAssign": true,
        "prefix": false,
        "postfix": false,
        "binop": null,
        "updateContext": null
      },
      "value": "=",
      "start": 62,
      "end": 63,
      "loc": {
        "start": {
          "line": 2,
          "column": 15
        },
        "end": {
          "line": 2,
          "column": 16
        }
      }
    },
    {
      "type": {
        "label": "new",
        "keyword": "new",
        "beforeExpr": true,
        "startsExpr": true,
        "rightAssociative": false,
        "isLoop": false,
        "isAssign": false,
        "prefix": false,
        "postfix": false,
        "binop": null,
        "updateContext": null
      },
      "value": "new",
      "start": 64,
      "end": 67,
      "loc": {
        "start": {
          "line": 2,
          "column": 17
        },
        "end": {
          "line": 2,
          "column": 20
        }
      }
    },
    {
      "type": {
        "label": "name",
        "beforeExpr": false,
        "startsExpr": true,
        "rightAssociative": false,
        "isLoop": false,
        "isAssign": false,
        "prefix": false,
        "postfix": false,
        "binop": null
      },
      "value": "AccessControl",
      "start": 68,
      "end": 81,
      "loc": {
        "start": {
          "line": 2,
          "column": 21
        },
        "end": {
          "line": 2,
          "column": 34
        }
      }
    },
    {
      "type": {
        "label": "(",
        "beforeExpr": true,
        "startsExpr": true,
        "rightAssociative": false,
        "isLoop": false,
        "isAssign": false,
        "prefix": false,
        "postfix": false,
        "binop": null
      },
      "start": 81,
      "end": 82,
      "loc": {
        "start": {
          "line": 2,
          "column": 34
        },
        "end": {
          "line": 2,
          "column": 35
        }
      }
    },
    {
      "type": {
        "label": ")",
        "beforeExpr": false,
        "startsExpr": false,
        "rightAssociative": false,
        "isLoop": false,
        "isAssign": false,
        "prefix": false,
        "postfix": false,
        "binop": null
      },
      "start": 82,
      "end": 83,
      "loc": {
        "start": {
          "line": 2,
          "column": 35
        },
        "end": {
          "line": 2,
          "column": 36
        }
      }
    },
    {
      "type": {
        "label": "name",
        "beforeExpr": false,
        "startsExpr": true,
        "rightAssociative": false,
        "isLoop": false,
        "isAssign": false,
        "prefix": false,
        "postfix": false,
        "binop": null
      },
      "value": "controle",
      "start": 85,
      "end": 93,
      "loc": {
        "start": {
          "line": 4,
          "column": 0
        },
        "end": {
          "line": 4,
          "column": 8
        }
      }
    },
    {
      "type": {
        "label": ".",
        "beforeExpr": false,
        "startsExpr": false,
        "rightAssociative": false,
        "isLoop": false,
        "isAssign": false,
        "prefix": false,
        "postfix": false,
        "binop": null,
        "updateContext": null
      },
      "start": 98,
      "end": 99,
      "loc": {
        "start": {
          "line": 5,
          "column": 4
        },
        "end": {
          "line": 5,
          "column": 5
        }
      }
    },
    {
      "type": {
        "label": "name",
        "beforeExpr": false,
        "startsExpr": true,
        "rightAssociative": false,
        "isLoop": false,
        "isAssign": false,
        "prefix": false,
        "postfix": false,
        "binop": null
      },
      "value": "grant",
      "start": 99,
      "end": 104,
      "loc": {
        "start": {
          "line": 5,
          "column": 5
        },
        "end": {
          "line": 5,
          "column": 10
        }
      }
    },
    {
      "type": {
        "label": "(",
        "beforeExpr": true,
        "startsExpr": true,
        "rightAssociative": false,
        "isLoop": false,
        "isAssign": false,
        "prefix": false,
        "postfix": false,
        "binop": null
      },
      "start": 104,
      "end": 105,
      "loc": {
        "start": {
          "line": 5,
          "column": 10
        },
        "end": {
          "line": 5,
          "column": 11
        }
      }
    },
    {
      "type": {
        "label": "string",
        "beforeExpr": false,
        "startsExpr": true,
        "rightAssociative": false,
        "isLoop": false,
        "isAssign": false,
        "prefix": false,
        "postfix": false,
        "binop": null,
        "updateContext": null
      },
      "value": "assinante",
      "start": 105,
      "end": 116,
      "loc": {
        "start": {
          "line": 5,
          "column": 11
        },
        "end": {
          "line": 5,
          "column": 22
        }
      }
    },
    {
      "type": {
        "label": ")",
        "beforeExpr": false,
        "startsExpr": false,
        "rightAssociative": false,
        "isLoop": false,
        "isAssign": false,
        "prefix": false,
        "postfix": false,
        "binop": null
      },
      "start": 116,
      "end": 117,
      "loc": {
        "start": {
          "line": 5,
          "column": 22
        },
        "end": {
          "line": 5,
          "column": 23
        }
      }
    },
    {
      "type": {
        "label": ".",
        "beforeExpr": false,
        "startsExpr": false,
        "rightAssociative": false,
        "isLoop": false,
        "isAssign": false,
        "prefix": false,
        "postfix": false,
        "binop": null,
        "updateContext": null
      },
      "start": 122,
      "end": 123,
      "loc": {
        "start": {
          "line": 6,
          "column": 4
        },
        "end": {
          "line": 6,
          "column": 5
        }
      }
    },
    {
      "type": {
        "label": "name",
        "beforeExpr": false,
        "startsExpr": true,
        "rightAssociative": false,
        "isLoop": false,
        "isAssign": false,
        "prefix": false,
        "postfix": false,
        "binop": null
      },
      "value": "readAny",
      "start": 123,
      "end": 130,
      "loc": {
        "start": {
          "line": 6,
          "column": 5
        },
        "end": {
          "line": 6,
          "column": 12
        }
      }
    },
    {
      "type": {
        "label": "(",
        "beforeExpr": true,
        "startsExpr": true,
        "rightAssociative": false,
        "isLoop": false,
        "isAssign": false,
        "prefix": false,
        "postfix": false,
        "binop": null
      },
      "start": 130,
      "end": 131,
      "loc": {
        "start": {
          "line": 6,
          "column": 12
        },
        "end": {
          "line": 6,
          "column": 13
        }
      }
    },
    {
      "type": {
        "label": "string",
        "beforeExpr": false,
        "startsExpr": true,
        "rightAssociative": false,
        "isLoop": false,
        "isAssign": false,
        "prefix": false,
        "postfix": false,
        "binop": null,
        "updateContext": null
      },
      "value": "post",
      "start": 131,
      "end": 137,
      "loc": {
        "start": {
          "line": 6,
          "column": 13
        },
        "end": {
          "line": 6,
          "column": 19
        }
      }
    },
    {
      "type": {
        "label": ",",
        "beforeExpr": true,
        "startsExpr": false,
        "rightAssociative": false,
        "isLoop": false,
        "isAssign": false,
        "prefix": false,
        "postfix": false,
        "binop": null,
        "updateContext": null
      },
      "start": 137,
      "end": 138,
      "loc": {
        "start": {
          "line": 6,
          "column": 19
        },
        "end": {
          "line": 6,
          "column": 20
        }
      }
    },
    {
      "type": {
        "label": "[",
        "beforeExpr": true,
        "startsExpr": true,
        "rightAssociative": false,
        "isLoop": false,
        "isAssign": false,
        "prefix": false,
        "postfix": false,
        "binop": null,
        "updateContext": null
      },
      "start": 139,
      "end": 140,
      "loc": {
        "start": {
          "line": 6,
          "column": 21
        },
        "end": {
          "line": 6,
          "column": 22
        }
      }
    },
    {
      "type": {
        "label": "string",
        "beforeExpr": false,
        "startsExpr": true,
        "rightAssociative": false,
        "isLoop": false,
        "isAssign": false,
        "prefix": false,
        "postfix": false,
        "binop": null,
        "updateContext": null
      },
      "value": "id",
      "start": 140,
      "end": 144,
      "loc": {
        "start": {
          "line": 6,
          "column": 22
        },
        "end": {
          "line": 6,
          "column": 26
        }
      }
    },
    {
      "type": {
        "label": ",",
        "beforeExpr": true,
        "startsExpr": false,
        "rightAssociative": false,
        "isLoop": false,
        "isAssign": false,
        "prefix": false,
        "postfix": false,
        "binop": null,
        "updateContext": null
      },
      "start": 144,
      "end": 145,
      "loc": {
        "start": {
          "line": 6,
          "column": 26
        },
        "end": {
          "line": 6,
          "column": 27
        }
      }
    },
    {
      "type": {
        "label": "string",
        "beforeExpr": false,
        "startsExpr": true,
        "rightAssociative": false,
        "isLoop": false,
        "isAssign": false,
        "prefix": false,
        "postfix": false,
        "binop": null,
        "updateContext": null
      },
      "value": "titulo",
      "start": 146,
      "end": 154,
      "loc": {
        "start": {
          "line": 6,
          "column": 28
        },
        "end": {
          "line": 6,
          "column": 36
        }
      }
    },
    {
      "type": {
        "label": ",",
        "beforeExpr": true,
        "startsExpr": false,
        "rightAssociative": false,
        "isLoop": false,
        "isAssign": false,
        "prefix": false,
        "postfix": false,
        "binop": null,
        "updateContext": null
      },
      "start": 154,
      "end": 155,
      "loc": {
        "start": {
          "line": 6,
          "column": 36
        },
        "end": {
          "line": 6,
          "column": 37
        }
      }
    },
    {
      "type": {
        "label": "string",
        "beforeExpr": false,
        "startsExpr": true,
        "rightAssociative": false,
        "isLoop": false,
        "isAssign": false,
        "prefix": false,
        "postfix": false,
        "binop": null,
        "updateContext": null
      },
      "value": "conteudo",
      "start": 156,
      "end": 166,
      "loc": {
        "start": {
          "line": 6,
          "column": 38
        },
        "end": {
          "line": 6,
          "column": 48
        }
      }
    },
    {
      "type": {
        "label": ",",
        "beforeExpr": true,
        "startsExpr": false,
        "rightAssociative": false,
        "isLoop": false,
        "isAssign": false,
        "prefix": false,
        "postfix": false,
        "binop": null,
        "updateContext": null
      },
      "start": 166,
      "end": 167,
      "loc": {
        "start": {
          "line": 6,
          "column": 48
        },
        "end": {
          "line": 6,
          "column": 49
        }
      }
    },
    {
      "type": {
        "label": "string",
        "beforeExpr": false,
        "startsExpr": true,
        "rightAssociative": false,
        "isLoop": false,
        "isAssign": false,
        "prefix": false,
        "postfix": false,
        "binop": null,
        "updateContext": null
      },
      "value": "autor",
      "start": 168,
      "end": 175,
      "loc": {
        "start": {
          "line": 6,
          "column": 50
        },
        "end": {
          "line": 6,
          "column": 57
        }
      }
    },
    {
      "type": {
        "label": "]",
        "beforeExpr": false,
        "startsExpr": false,
        "rightAssociative": false,
        "isLoop": false,
        "isAssign": false,
        "prefix": false,
        "postfix": false,
        "binop": null,
        "updateContext": null
      },
      "start": 175,
      "end": 176,
      "loc": {
        "start": {
          "line": 6,
          "column": 57
        },
        "end": {
          "line": 6,
          "column": 58
        }
      }
    },
    {
      "type": {
        "label": ")",
        "beforeExpr": false,
        "startsExpr": false,
        "rightAssociative": false,
        "isLoop": false,
        "isAssign": false,
        "prefix": false,
        "postfix": false,
        "binop": null
      },
      "start": 176,
      "end": 177,
      "loc": {
        "start": {
          "line": 6,
          "column": 58
        },
        "end": {
          "line": 6,
          "column": 59
        }
      }
    },
    {
      "type": {
        "label": ".",
        "beforeExpr": false,
        "startsExpr": false,
        "rightAssociative": false,
        "isLoop": false,
        "isAssign": false,
        "prefix": false,
        "postfix": false,
        "binop": null,
        "updateContext": null
      },
      "start": 182,
      "end": 183,
      "loc": {
        "start": {
          "line": 7,
          "column": 4
        },
        "end": {
          "line": 7,
          "column": 5
        }
      }
    },
    {
      "type": {
        "label": "name",
        "beforeExpr": false,
        "startsExpr": true,
        "rightAssociative": false,
        "isLoop": false,
        "isAssign": false,
        "prefix": false,
        "postfix": false,
        "binop": null
      },
      "value": "readAny",
      "start": 183,
      "end": 190,
      "loc": {
        "start": {
          "line": 7,
          "column": 5
        },
        "end": {
          "line": 7,
          "column": 12
        }
      }
    },
    {
      "type": {
        "label": "(",
        "beforeExpr": true,
        "startsExpr": true,
        "rightAssociative": false,
        "isLoop": false,
        "isAssign": false,
        "prefix": false,
        "postfix": false,
        "binop": null
      },
      "start": 190,
      "end": 191,
      "loc": {
        "start": {
          "line": 7,
          "column": 12
        },
        "end": {
          "line": 7,
          "column": 13
        }
      }
    },
    {
      "type": {
        "label": "string",
        "beforeExpr": false,
        "startsExpr": true,
        "rightAssociative": false,
        "isLoop": false,
        "isAssign": false,
        "prefix": false,
        "postfix": false,
        "binop": null,
        "updateContext": null
      },
      "value": "usuario",
      "start": 191,
      "end": 200,
      "loc": {
        "start": {
          "line": 7,
          "column": 13
        },
        "end": {
          "line": 7,
          "column": 22
        }
      }
    },
    {
      "type": {
        "label": ",",
        "beforeExpr": true,
        "startsExpr": false,
        "rightAssociative": false,
        "isLoop": false,
        "isAssign": false,
        "prefix": false,
        "postfix": false,
        "binop": null,
        "updateContext": null
      },
      "start": 200,
      "end": 201,
      "loc": {
        "start": {
          "line": 7,
          "column": 22
        },
        "end": {
          "line": 7,
          "column": 23
        }
      }
    },
    {
      "type": {
        "label": "[",
        "beforeExpr": true,
        "startsExpr": true,
        "rightAssociative": false,
        "isLoop": false,
        "isAssign": false,
        "prefix": false,
        "postfix": false,
        "binop": null,
        "updateContext": null
      },
      "start": 202,
      "end": 203,
      "loc": {
        "start": {
          "line": 7,
          "column": 24
        },
        "end": {
          "line": 7,
          "column": 25
        }
      }
    },
    {
      "type": {
        "label": "string",
        "beforeExpr": false,
        "startsExpr": true,
        "rightAssociative": false,
        "isLoop": false,
        "isAssign": false,
        "prefix": false,
        "postfix": false,
        "binop": null,
        "updateContext": null
      },
      "value": "nome",
      "start": 203,
      "end": 209,
      "loc": {
        "start": {
          "line": 7,
          "column": 25
        },
        "end": {
          "line": 7,
          "column": 31
        }
      }
    },
    {
      "type": {
        "label": "]",
        "beforeExpr": false,
        "startsExpr": false,
        "rightAssociative": false,
        "isLoop": false,
        "isAssign": false,
        "prefix": false,
        "postfix": false,
        "binop": null,
        "updateContext": null
      },
      "start": 209,
      "end": 210,
      "loc": {
        "start": {
          "line": 7,
          "column": 31
        },
        "end": {
          "line": 7,
          "column": 32
        }
      }
    },
    {
      "type": {
        "label": ")",
        "beforeExpr": false,
        "startsExpr": false,
        "rightAssociative": false,
        "isLoop": false,
        "isAssign": false,
        "prefix": false,
        "postfix": false,
        "binop": null
      },
      "start": 210,
      "end": 211,
      "loc": {
        "start": {
          "line": 7,
          "column": 32
        },
        "end": {
          "line": 7,
          "column": 33
        }
      }
    },
    {
      "type": {
        "label": "name",
        "beforeExpr": false,
        "startsExpr": true,
        "rightAssociative": false,
        "isLoop": false,
        "isAssign": false,
        "prefix": false,
        "postfix": false,
        "binop": null
      },
      "value": "controle",
      "start": 213,
      "end": 221,
      "loc": {
        "start": {
          "line": 9,
          "column": 0
        },
        "end": {
          "line": 9,
          "column": 8
        }
      }
    },
    {
      "type": {
        "label": ".",
        "beforeExpr": false,
        "startsExpr": false,
        "rightAssociative": false,
        "isLoop": false,
        "isAssign": false,
        "prefix": false,
        "postfix": false,
        "binop": null,
        "updateContext": null
      },
      "start": 226,
      "end": 227,
      "loc": {
        "start": {
          "line": 10,
          "column": 4
        },
        "end": {
          "line": 10,
          "column": 5
        }
      }
    },
    {
      "type": {
        "label": "name",
        "beforeExpr": false,
        "startsExpr": true,
        "rightAssociative": false,
        "isLoop": false,
        "isAssign": false,
        "prefix": false,
        "postfix": false,
        "binop": null
      },
      "value": "grant",
      "start": 227,
      "end": 232,
      "loc": {
        "start": {
          "line": 10,
          "column": 5
        },
        "end": {
          "line": 10,
          "column": 10
        }
      }
    },
    {
      "type": {
        "label": "(",
        "beforeExpr": true,
        "startsExpr": true,
        "rightAssociative": false,
        "isLoop": false,
        "isAssign": false,
        "prefix": false,
        "postfix": false,
        "binop": null
      },
      "start": 232,
      "end": 233,
      "loc": {
        "start": {
          "line": 10,
          "column": 10
        },
        "end": {
          "line": 10,
          "column": 11
        }
      }
    },
    {
      "type": {
        "label": "string",
        "beforeExpr": false,
        "startsExpr": true,
        "rightAssociative": false,
        "isLoop": false,
        "isAssign": false,
        "prefix": false,
        "postfix": false,
        "binop": null,
        "updateContext": null
      },
      "value": "editor",
      "start": 233,
      "end": 241,
      "loc": {
        "start": {
          "line": 10,
          "column": 11
        },
        "end": {
          "line": 10,
          "column": 19
        }
      }
    },
    {
      "type": {
        "label": ")",
        "beforeExpr": false,
        "startsExpr": false,
        "rightAssociative": false,
        "isLoop": false,
        "isAssign": false,
        "prefix": false,
        "postfix": false,
        "binop": null
      },
      "start": 241,
      "end": 242,
      "loc": {
        "start": {
          "line": 10,
          "column": 19
        },
        "end": {
          "line": 10,
          "column": 20
        }
      }
    },
    {
      "type": {
        "label": ".",
        "beforeExpr": false,
        "startsExpr": false,
        "rightAssociative": false,
        "isLoop": false,
        "isAssign": false,
        "prefix": false,
        "postfix": false,
        "binop": null,
        "updateContext": null
      },
      "start": 247,
      "end": 248,
      "loc": {
        "start": {
          "line": 11,
          "column": 4
        },
        "end": {
          "line": 11,
          "column": 5
        }
      }
    },
    {
      "type": {
        "label": "name",
        "beforeExpr": false,
        "startsExpr": true,
        "rightAssociative": false,
        "isLoop": false,
        "isAssign": false,
        "prefix": false,
        "postfix": false,
        "binop": null
      },
      "value": "extend",
      "start": 248,
      "end": 254,
      "loc": {
        "start": {
          "line": 11,
          "column": 5
        },
        "end": {
          "line": 11,
          "column": 11
        }
      }
    },
    {
      "type": {
        "label": "(",
        "beforeExpr": true,
        "startsExpr": true,
        "rightAssociative": false,
        "isLoop": false,
        "isAssign": false,
        "prefix": false,
        "postfix": false,
        "binop": null
      },
      "start": 254,
      "end": 255,
      "loc": {
        "start": {
          "line": 11,
          "column": 11
        },
        "end": {
          "line": 11,
          "column": 12
        }
      }
    },
    {
      "type": {
        "label": "string",
        "beforeExpr": false,
        "startsExpr": true,
        "rightAssociative": false,
        "isLoop": false,
        "isAssign": false,
        "prefix": false,
        "postfix": false,
        "binop": null,
        "updateContext": null
      },
      "value": "assinante",
      "start": 255,
      "end": 266,
      "loc": {
        "start": {
          "line": 11,
          "column": 12
        },
        "end": {
          "line": 11,
          "column": 23
        }
      }
    },
    {
      "type": {
        "label": ")",
        "beforeExpr": false,
        "startsExpr": false,
        "rightAssociative": false,
        "isLoop": false,
        "isAssign": false,
        "prefix": false,
        "postfix": false,
        "binop": null
      },
      "start": 266,
      "end": 267,
      "loc": {
        "start": {
          "line": 11,
          "column": 23
        },
        "end": {
          "line": 11,
          "column": 24
        }
      }
    },
    {
      "type": {
        "label": ".",
        "beforeExpr": false,
        "startsExpr": false,
        "rightAssociative": false,
        "isLoop": false,
        "isAssign": false,
        "prefix": false,
        "postfix": false,
        "binop": null,
        "updateContext": null
      },
      "start": 272,
      "end": 273,
      "loc": {
        "start": {
          "line": 12,
          "column": 4
        },
        "end": {
          "line": 12,
          "column": 5
        }
      }
    },
    {
      "type": {
        "label": "name",
        "beforeExpr": false,
        "startsExpr": true,
        "rightAssociative": false,
        "isLoop": false,
        "isAssign": false,
        "prefix": false,
        "postfix": false,
        "binop": null
      },
      "value": "createOwn",
      "start": 273,
      "end": 282,
      "loc": {
        "start": {
          "line": 12,
          "column": 5
        },
        "end": {
          "line": 12,
          "column": 14
        }
      }
    },
    {
      "type": {
        "label": "(",
        "beforeExpr": true,
        "startsExpr": true,
        "rightAssociative": false,
        "isLoop": false,
        "isAssign": false,
        "prefix": false,
        "postfix": false,
        "binop": null
      },
      "start": 282,
      "end": 283,
      "loc": {
        "start": {
          "line": 12,
          "column": 14
        },
        "end": {
          "line": 12,
          "column": 15
        }
      }
    },
    {
      "type": {
        "label": "string",
        "beforeExpr": false,
        "startsExpr": true,
        "rightAssociative": false,
        "isLoop": false,
        "isAssign": false,
        "prefix": false,
        "postfix": false,
        "binop": null,
        "updateContext": null
      },
      "value": "post",
      "start": 283,
      "end": 289,
      "loc": {
        "start": {
          "line": 12,
          "column": 15
        },
        "end": {
          "line": 12,
          "column": 21
        }
      }
    },
    {
      "type": {
        "label": ")",
        "beforeExpr": false,
        "startsExpr": false,
        "rightAssociative": false,
        "isLoop": false,
        "isAssign": false,
        "prefix": false,
        "postfix": false,
        "binop": null
      },
      "start": 289,
      "end": 290,
      "loc": {
        "start": {
          "line": 12,
          "column": 21
        },
        "end": {
          "line": 12,
          "column": 22
        }
      }
    },
    {
      "type": {
        "label": ".",
        "beforeExpr": false,
        "startsExpr": false,
        "rightAssociative": false,
        "isLoop": false,
        "isAssign": false,
        "prefix": false,
        "postfix": false,
        "binop": null,
        "updateContext": null
      },
      "start": 295,
      "end": 296,
      "loc": {
        "start": {
          "line": 13,
          "column": 4
        },
        "end": {
          "line": 13,
          "column": 5
        }
      }
    },
    {
      "type": {
        "label": "name",
        "beforeExpr": false,
        "startsExpr": true,
        "rightAssociative": false,
        "isLoop": false,
        "isAssign": false,
        "prefix": false,
        "postfix": false,
        "binop": null
      },
      "value": "deleteOwn",
      "start": 296,
      "end": 305,
      "loc": {
        "start": {
          "line": 13,
          "column": 5
        },
        "end": {
          "line": 13,
          "column": 14
        }
      }
    },
    {
      "type": {
        "label": "(",
        "beforeExpr": true,
        "startsExpr": true,
        "rightAssociative": false,
        "isLoop": false,
        "isAssign": false,
        "prefix": false,
        "postfix": false,
        "binop": null
      },
      "start": 305,
      "end": 306,
      "loc": {
        "start": {
          "line": 13,
          "column": 14
        },
        "end": {
          "line": 13,
          "column": 15
        }
      }
    },
    {
      "type": {
        "label": "string",
        "beforeExpr": false,
        "startsExpr": true,
        "rightAssociative": false,
        "isLoop": false,
        "isAssign": false,
        "prefix": false,
        "postfix": false,
        "binop": null,
        "updateContext": null
      },
      "value": "post",
      "start": 306,
      "end": 312,
      "loc": {
        "start": {
          "line": 13,
          "column": 15
        },
        "end": {
          "line": 13,
          "column": 21
        }
      }
    },
    {
      "type": {
        "label": ")",
        "beforeExpr": false,
        "startsExpr": false,
        "rightAssociative": false,
        "isLoop": false,
        "isAssign": false,
        "prefix": false,
        "postfix": false,
        "binop": null
      },
      "start": 312,
      "end": 313,
      "loc": {
        "start": {
          "line": 13,
          "column": 21
        },
        "end": {
          "line": 13,
          "column": 22
        }
      }
    },
    {
      "type": {
        "label": "name",
        "beforeExpr": false,
        "startsExpr": true,
        "rightAssociative": false,
        "isLoop": false,
        "isAssign": false,
        "prefix": false,
        "postfix": false,
        "binop": null
      },
      "value": "controle",
      "start": 315,
      "end": 323,
      "loc": {
        "start": {
          "line": 15,
          "column": 0
        },
        "end": {
          "line": 15,
          "column": 8
        }
      }
    },
    {
      "type": {
        "label": ".",
        "beforeExpr": false,
        "startsExpr": false,
        "rightAssociative": false,
        "isLoop": false,
        "isAssign": false,
        "prefix": false,
        "postfix": false,
        "binop": null,
        "updateContext": null
      },
      "start": 328,
      "end": 329,
      "loc": {
        "start": {
          "line": 16,
          "column": 4
        },
        "end": {
          "line": 16,
          "column": 5
        }
      }
    },
    {
      "type": {
        "label": "name",
        "beforeExpr": false,
        "startsExpr": true,
        "rightAssociative": false,
        "isLoop": false,
        "isAssign": false,
        "prefix": false,
        "postfix": false,
        "binop": null
      },
      "value": "grant",
      "start": 329,
      "end": 334,
      "loc": {
        "start": {
          "line": 16,
          "column": 5
        },
        "end": {
          "line": 16,
          "column": 10
        }
      }
    },
    {
      "type": {
        "label": "(",
        "beforeExpr": true,
        "startsExpr": true,
        "rightAssociative": false,
        "isLoop": false,
        "isAssign": false,
        "prefix": false,
        "postfix": false,
        "binop": null
      },
      "start": 334,
      "end": 335,
      "loc": {
        "start": {
          "line": 16,
          "column": 10
        },
        "end": {
          "line": 16,
          "column": 11
        }
      }
    },
    {
      "type": {
        "label": "string",
        "beforeExpr": false,
        "startsExpr": true,
        "rightAssociative": false,
        "isLoop": false,
        "isAssign": false,
        "prefix": false,
        "postfix": false,
        "binop": null,
        "updateContext": null
      },
      "value": "admin",
      "start": 335,
      "end": 342,
      "loc": {
        "start": {
          "line": 16,
          "column": 11
        },
        "end": {
          "line": 16,
          "column": 18
        }
      }
    },
    {
      "type": {
        "label": ")",
        "beforeExpr": false,
        "startsExpr": false,
        "rightAssociative": false,
        "isLoop": false,
        "isAssign": false,
        "prefix": false,
        "postfix": false,
        "binop": null
      },
      "start": 342,
      "end": 343,
      "loc": {
        "start": {
          "line": 16,
          "column": 18
        },
        "end": {
          "line": 16,
          "column": 19
        }
      }
    },
    {
      "type": {
        "label": ".",
        "beforeExpr": false,
        "startsExpr": false,
        "rightAssociative": false,
        "isLoop": false,
        "isAssign": false,
        "prefix": false,
        "postfix": false,
        "binop": null,
        "updateContext": null
      },
      "start": 348,
      "end": 349,
      "loc": {
        "start": {
          "line": 17,
          "column": 4
        },
        "end": {
          "line": 17,
          "column": 5
        }
      }
    },
    {
      "type": {
        "label": "name",
        "beforeExpr": false,
        "startsExpr": true,
        "rightAssociative": false,
        "isLoop": false,
        "isAssign": false,
        "prefix": false,
        "postfix": false,
        "binop": null
      },
      "value": "readAny",
      "start": 349,
      "end": 356,
      "loc": {
        "start": {
          "line": 17,
          "column": 5
        },
        "end": {
          "line": 17,
          "column": 12
        }
      }
    },
    {
      "type": {
        "label": "(",
        "beforeExpr": true,
        "startsExpr": true,
        "rightAssociative": false,
        "isLoop": false,
        "isAssign": false,
        "prefix": false,
        "postfix": false,
        "binop": null
      },
      "start": 356,
      "end": 357,
      "loc": {
        "start": {
          "line": 17,
          "column": 12
        },
        "end": {
          "line": 17,
          "column": 13
        }
      }
    },
    {
      "type": {
        "label": "string",
        "beforeExpr": false,
        "startsExpr": true,
        "rightAssociative": false,
        "isLoop": false,
        "isAssign": false,
        "prefix": false,
        "postfix": false,
        "binop": null,
        "updateContext": null
      },
      "value": "post",
      "start": 357,
      "end": 363,
      "loc": {
        "start": {
          "line": 17,
          "column": 13
        },
        "end": {
          "line": 17,
          "column": 19
        }
      }
    },
    {
      "type": {
        "label": ")",
        "beforeExpr": false,
        "startsExpr": false,
        "rightAssociative": false,
        "isLoop": false,
        "isAssign": false,
        "prefix": false,
        "postfix": false,
        "binop": null
      },
      "start": 363,
      "end": 364,
      "loc": {
        "start": {
          "line": 17,
          "column": 19
        },
        "end": {
          "line": 17,
          "column": 20
        }
      }
    },
    {
      "type": {
        "label": ".",
        "beforeExpr": false,
        "startsExpr": false,
        "rightAssociative": false,
        "isLoop": false,
        "isAssign": false,
        "prefix": false,
        "postfix": false,
        "binop": null,
        "updateContext": null
      },
      "start": 369,
      "end": 370,
      "loc": {
        "start": {
          "line": 18,
          "column": 4
        },
        "end": {
          "line": 18,
          "column": 5
        }
      }
    },
    {
      "type": {
        "label": "name",
        "beforeExpr": false,
        "startsExpr": true,
        "rightAssociative": false,
        "isLoop": false,
        "isAssign": false,
        "prefix": false,
        "postfix": false,
        "binop": null
      },
      "value": "createAny",
      "start": 370,
      "end": 379,
      "loc": {
        "start": {
          "line": 18,
          "column": 5
        },
        "end": {
          "line": 18,
          "column": 14
        }
      }
    },
    {
      "type": {
        "label": "(",
        "beforeExpr": true,
        "startsExpr": true,
        "rightAssociative": false,
        "isLoop": false,
        "isAssign": false,
        "prefix": false,
        "postfix": false,
        "binop": null
      },
      "start": 379,
      "end": 380,
      "loc": {
        "start": {
          "line": 18,
          "column": 14
        },
        "end": {
          "line": 18,
          "column": 15
        }
      }
    },
    {
      "type": {
        "label": "string",
        "beforeExpr": false,
        "startsExpr": true,
        "rightAssociative": false,
        "isLoop": false,
        "isAssign": false,
        "prefix": false,
        "postfix": false,
        "binop": null,
        "updateContext": null
      },
      "value": "post",
      "start": 380,
      "end": 386,
      "loc": {
        "start": {
          "line": 18,
          "column": 15
        },
        "end": {
          "line": 18,
          "column": 21
        }
      }
    },
    {
      "type": {
        "label": ")",
        "beforeExpr": false,
        "startsExpr": false,
        "rightAssociative": false,
        "isLoop": false,
        "isAssign": false,
        "prefix": false,
        "postfix": false,
        "binop": null
      },
      "start": 386,
      "end": 387,
      "loc": {
        "start": {
          "line": 18,
          "column": 21
        },
        "end": {
          "line": 18,
          "column": 22
        }
      }
    },
    {
      "type": {
        "label": ".",
        "beforeExpr": false,
        "startsExpr": false,
        "rightAssociative": false,
        "isLoop": false,
        "isAssign": false,
        "prefix": false,
        "postfix": false,
        "binop": null,
        "updateContext": null
      },
      "start": 392,
      "end": 393,
      "loc": {
        "start": {
          "line": 19,
          "column": 4
        },
        "end": {
          "line": 19,
          "column": 5
        }
      }
    },
    {
      "type": {
        "label": "name",
        "beforeExpr": false,
        "startsExpr": true,
        "rightAssociative": false,
        "isLoop": false,
        "isAssign": false,
        "prefix": false,
        "postfix": false,
        "binop": null
      },
      "value": "deleteAny",
      "start": 393,
      "end": 402,
      "loc": {
        "start": {
          "line": 19,
          "column": 5
        },
        "end": {
          "line": 19,
          "column": 14
        }
      }
    },
    {
      "type": {
        "label": "(",
        "beforeExpr": true,
        "startsExpr": true,
        "rightAssociative": false,
        "isLoop": false,
        "isAssign": false,
        "prefix": false,
        "postfix": false,
        "binop": null
      },
      "start": 402,
      "end": 403,
      "loc": {
        "start": {
          "line": 19,
          "column": 14
        },
        "end": {
          "line": 19,
          "column": 15
        }
      }
    },
    {
      "type": {
        "label": "string",
        "beforeExpr": false,
        "startsExpr": true,
        "rightAssociative": false,
        "isLoop": false,
        "isAssign": false,
        "prefix": false,
        "postfix": false,
        "binop": null,
        "updateContext": null
      },
      "value": "post",
      "start": 403,
      "end": 409,
      "loc": {
        "start": {
          "line": 19,
          "column": 15
        },
        "end": {
          "line": 19,
          "column": 21
        }
      }
    },
    {
      "type": {
        "label": ")",
        "beforeExpr": false,
        "startsExpr": false,
        "rightAssociative": false,
        "isLoop": false,
        "isAssign": false,
        "prefix": false,
        "postfix": false,
        "binop": null
      },
      "start": 409,
      "end": 410,
      "loc": {
        "start": {
          "line": 19,
          "column": 21
        },
        "end": {
          "line": 19,
          "column": 22
        }
      }
    },
    {
      "type": {
        "label": ".",
        "beforeExpr": false,
        "startsExpr": false,
        "rightAssociative": false,
        "isLoop": false,
        "isAssign": false,
        "prefix": false,
        "postfix": false,
        "binop": null,
        "updateContext": null
      },
      "start": 415,
      "end": 416,
      "loc": {
        "start": {
          "line": 20,
          "column": 4
        },
        "end": {
          "line": 20,
          "column": 5
        }
      }
    },
    {
      "type": {
        "label": "name",
        "beforeExpr": false,
        "startsExpr": true,
        "rightAssociative": false,
        "isLoop": false,
        "isAssign": false,
        "prefix": false,
        "postfix": false,
        "binop": null
      },
      "value": "readAny",
      "start": 416,
      "end": 423,
      "loc": {
        "start": {
          "line": 20,
          "column": 5
        },
        "end": {
          "line": 20,
          "column": 12
        }
      }
    },
    {
      "type": {
        "label": "(",
        "beforeExpr": true,
        "startsExpr": true,
        "rightAssociative": false,
        "isLoop": false,
        "isAssign": false,
        "prefix": false,
        "postfix": false,
        "binop": null
      },
      "start": 423,
      "end": 424,
      "loc": {
        "start": {
          "line": 20,
          "column": 12
        },
        "end": {
          "line": 20,
          "column": 13
        }
      }
    },
    {
      "type": {
        "label": "string",
        "beforeExpr": false,
        "startsExpr": true,
        "rightAssociative": false,
        "isLoop": false,
        "isAssign": false,
        "prefix": false,
        "postfix": false,
        "binop": null,
        "updateContext": null
      },
      "value": "usuario",
      "start": 424,
      "end": 433,
      "loc": {
        "start": {
          "line": 20,
          "column": 13
        },
        "end": {
          "line": 20,
          "column": 22
        }
      }
    },
    {
      "type": {
        "label": ")",
        "beforeExpr": false,
        "startsExpr": false,
        "rightAssociative": false,
        "isLoop": false,
        "isAssign": false,
        "prefix": false,
        "postfix": false,
        "binop": null
      },
      "start": 433,
      "end": 434,
      "loc": {
        "start": {
          "line": 20,
          "column": 22
        },
        "end": {
          "line": 20,
          "column": 23
        }
      }
    },
    {
      "type": {
        "label": ".",
        "beforeExpr": false,
        "startsExpr": false,
        "rightAssociative": false,
        "isLoop": false,
        "isAssign": false,
        "prefix": false,
        "postfix": false,
        "binop": null,
        "updateContext": null
      },
      "start": 439,
      "end": 440,
      "loc": {
        "start": {
          "line": 21,
          "column": 4
        },
        "end": {
          "line": 21,
          "column": 5
        }
      }
    },
    {
      "type": {
        "label": "name",
        "beforeExpr": false,
        "startsExpr": true,
        "rightAssociative": false,
        "isLoop": false,
        "isAssign": false,
        "prefix": false,
        "postfix": false,
        "binop": null
      },
      "value": "deleteAny",
      "start": 440,
      "end": 449,
      "loc": {
        "start": {
          "line": 21,
          "column": 5
        },
        "end": {
          "line": 21,
          "column": 14
        }
      }
    },
    {
      "type": {
        "label": "(",
        "beforeExpr": true,
        "startsExpr": true,
        "rightAssociative": false,
        "isLoop": false,
        "isAssign": false,
        "prefix": false,
        "postfix": false,
        "binop": null
      },
      "start": 449,
      "end": 450,
      "loc": {
        "start": {
          "line": 21,
          "column": 14
        },
        "end": {
          "line": 21,
          "column": 15
        }
      }
    },
    {
      "type": {
        "label": "string",
        "beforeExpr": false,
        "startsExpr": true,
        "rightAssociative": false,
        "isLoop": false,
        "isAssign": false,
        "prefix": false,
        "postfix": false,
        "binop": null,
        "updateContext": null
      },
      "value": "usuario",
      "start": 450,
      "end": 459,
      "loc": {
        "start": {
          "line": 21,
          "column": 15
        },
        "end": {
          "line": 21,
          "column": 24
        }
      }
    },
    {
      "type": {
        "label": ")",
        "beforeExpr": false,
        "startsExpr": false,
        "rightAssociative": false,
        "isLoop": false,
        "isAssign": false,
        "prefix": false,
        "postfix": false,
        "binop": null
      },
      "start": 459,
      "end": 460,
      "loc": {
        "start": {
          "line": 21,
          "column": 24
        },
        "end": {
          "line": 21,
          "column": 25
        }
      }
    },
    {
      "type": {
        "label": "name",
        "beforeExpr": false,
        "startsExpr": true,
        "rightAssociative": false,
        "isLoop": false,
        "isAssign": false,
        "prefix": false,
        "postfix": false,
        "binop": null
      },
      "value": "module",
      "start": 462,
      "end": 468,
      "loc": {
        "start": {
          "line": 23,
          "column": 0
        },
        "end": {
          "line": 23,
          "column": 6
        }
      }
    },
    {
      "type": {
        "label": ".",
        "beforeExpr": false,
        "startsExpr": false,
        "rightAssociative": false,
        "isLoop": false,
        "isAssign": false,
        "prefix": false,
        "postfix": false,
        "binop": null,
        "updateContext": null
      },
      "start": 468,
      "end": 469,
      "loc": {
        "start": {
          "line": 23,
          "column": 6
        },
        "end": {
          "line": 23,
          "column": 7
        }
      }
    },
    {
      "type": {
        "label": "name",
        "beforeExpr": false,
        "startsExpr": true,
        "rightAssociative": false,
        "isLoop": false,
        "isAssign": false,
        "prefix": false,
        "postfix": false,
        "binop": null
      },
      "value": "exports",
      "start": 469,
      "end": 476,
      "loc": {
        "start": {
          "line": 23,
          "column": 7
        },
        "end": {
          "line": 23,
          "column": 14
        }
      }
    },
    {
      "type": {
        "label": "=",
        "beforeExpr": true,
        "startsExpr": false,
        "rightAssociative": false,
        "isLoop": false,
        "isAssign": true,
        "prefix": false,
        "postfix": false,
        "binop": null,
        "updateContext": null
      },
      "value": "=",
      "start": 477,
      "end": 478,
      "loc": {
        "start": {
          "line": 23,
          "column": 15
        },
        "end": {
          "line": 23,
          "column": 16
        }
      }
    },
    {
      "type": {
        "label": "name",
        "beforeExpr": false,
        "startsExpr": true,
        "rightAssociative": false,
        "isLoop": false,
        "isAssign": false,
        "prefix": false,
        "postfix": false,
        "binop": null
      },
      "value": "controle",
      "start": 479,
      "end": 487,
      "loc": {
        "start": {
          "line": 23,
          "column": 17
        },
        "end": {
          "line": 23,
          "column": 25
        }
      }
    },
    {
      "type": {
        "label": "eof",
        "beforeExpr": false,
        "startsExpr": false,
        "rightAssociative": false,
        "isLoop": false,
        "isAssign": false,
        "prefix": false,
        "postfix": false,
        "binop": null,
        "updateContext": null
      },
      "start": 487,
      "end": 487,
      "loc": {
        "start": {
          "line": 23,
          "column": 25
        },
        "end": {
          "line": 23,
          "column": 25
        }
      }
    }
  ]
}