{
  "coverage": "2.18%",
  "expectCount": 137,
  "actualCount": 3,
  "files": {
    "src/controleDeAcesso.js": {
      "expectCount": 2,
      "actualCount": 0,
      "undocumentLines": [
        1,
        2
      ]
    },
    "src/conversores.js": {
      "expectCount": 13,
      "actualCount": 0,
      "undocumentLines": [
        1,
        2,
        12,
        16,
        26,
        39,
        40,
        42,
        43,
        47,
        48,
        50,
        51
      ]
    },
    "src/erros.js": {
      "expectCount": 12,
      "actualCount": 0,
      "undocumentLines": [
        1,
        2,
        4,
        8,
        9,
        11,
        15,
        16,
        19,
        23,
        24,
        27
      ]
    },
    "src/middlewares/autorizacao.js": {
      "expectCount": 2,
      "actualCount": 0,
      "undocumentLines": [
        1,
        3
      ]
    },
    "src/middlewares/tentarAutenticar.js": {
      "expectCount": 1,
      "actualCount": 0,
      "undocumentLines": [
        1
      ]
    },
    "src/middlewares/tentarAutorizar.js": {
      "expectCount": 1,
      "actualCount": 0,
      "undocumentLines": [
        1
      ]
    },
    "src/posts/posts-controlador.js": {
      "expectCount": 3,
      "actualCount": 0,
      "undocumentLines": [
        1,
        2,
        3
      ]
    },
    "src/posts/posts-dao.js": {
      "expectCount": 6,
      "actualCount": 0,
      "undocumentLines": [
        1,
        2,
        4,
        5,
        6,
        7
      ]
    },
    "src/posts/posts-modelo.js": {
      "expectCount": 15,
      "actualCount": 0,
      "undocumentLines": [
        1,
        2,
        4,
        5,
        6,
        7,
        8,
        9,
        13,
        17,
        26,
        36,
        44,
        48,
        52
      ]
    },
    "src/posts/posts-rotas.js": {
      "expectCount": 5,
      "actualCount": 0,
      "undocumentLines": [
        1,
        2,
        3,
        4,
        5
      ]
    },
    "src/usuarios/emails.js": {
      "expectCount": 13,
      "actualCount": 0,
      "undocumentLines": [
        1,
        3,
        12,
        17,
        26,
        27,
        38,
        39,
        41,
        42,
        43,
        44,
        45
      ]
    },
    "src/usuarios/estrategias-autenticacao.js": {
      "expectCount": 9,
      "actualCount": 0,
      "undocumentLines": [
        1,
        2,
        3,
        5,
        7,
        9,
        11,
        13,
        19
      ]
    },
    "src/usuarios/middlewares-autenticacao.js": {
      "expectCount": 3,
      "actualCount": 0,
      "undocumentLines": [
        1,
        2,
        3
      ]
    },
    "src/usuarios/tokens.js": {
      "expectCount": 15,
      "actualCount": 0,
      "undocumentLines": [
        1,
        2,
        3,
        5,
        7,
        8,
        10,
        18,
        24,
        35,
        39,
        46,
        53,
        57,
        63
      ]
    },
    "src/usuarios/usuarios-controlador.js": {
      "expectCount": 6,
      "actualCount": 0,
      "undocumentLines": [
        1,
        2,
        4,
        5,
        6,
        8
      ]
    },
    "src/usuarios/usuarios-dao.js": {
      "expectCount": 6,
      "actualCount": 0,
      "undocumentLines": [
        1,
        2,
        4,
        5,
        6,
        7
      ]
    },
    "src/usuarios/usuarios-modelo.js": {
      "expectCount": 21,
      "actualCount": 3,
      "undocumentLines": [
        1,
        2,
        3,
        4,
        15,
        16,
        17,
        18,
        19,
        20,
        37,
        45,
        55,
        60,
        64,
        73,
        82,
        86
      ]
    },
    "src/usuarios/usuarios-rotas.js": {
      "expectCount": 3,
      "actualCount": 0,
      "undocumentLines": [
        1,
        2,
        3
      ]
    },
    "src/validacoes-comuns.js": {
      "expectCount": 1,
      "actualCount": 0,
      "undocumentLines": [
        1
      ]
    }
  }
}