{
  "type": "File",
  "start": 0,
  "end": 139,
  "loc": {
    "start": {
      "line": 1,
      "column": 0
    },
    "end": {
      "line": 6,
      "column": 0
    }
  },
  "program": {
    "type": "Program",
    "start": 0,
    "end": 139,
    "loc": {
      "start": {
        "line": 1,
        "column": 0
      },
      "end": {
        "line": 6,
        "column": 0
      }
    },
    "sourceType": "module",
    "body": [
      {
        "type": "ExpressionStatement",
        "start": 0,
        "end": 138,
        "loc": {
          "start": {
            "line": 1,
            "column": 0
          },
          "end": {
            "line": 5,
            "column": 1
          }
        },
        "expression": {
          "type": "AssignmentExpression",
          "start": 0,
          "end": 138,
          "loc": {
            "start": {
              "line": 1,
              "column": 0
            },
            "end": {
              "line": 5,
              "column": 1
            }
          },
          "operator": "=",
          "left": {
            "type": "MemberExpression",
            "start": 0,
            "end": 14,
            "loc": {
              "start": {
                "line": 1,
                "column": 0
              },
              "end": {
                "line": 1,
                "column": 14
              }
            },
            "object": {
              "type": "Identifier",
              "start": 0,
              "end": 6,
              "loc": {
                "start": {
                  "line": 1,
                  "column": 0
                },
                "end": {
                  "line": 1,
                  "column": 6
                },
                "identifierName": "module"
              },
              "name": "module"
            },
            "property": {
              "type": "Identifier",
              "start": 7,
              "end": 14,
              "loc": {
                "start": {
                  "line": 1,
                  "column": 7
                },
                "end": {
                  "line": 1,
                  "column": 14
                },
                "identifierName": "exports"
              },
              "name": "exports"
            },
            "computed": false
          },
          "right": {
            "type": "ObjectExpression",
            "start": 17,
            "end": 138,
            "loc": {
              "start": {
                "line": 1,
                "column": 17
              },
              "end": {
                "line": 5,
                "column": 1
              }
            },
            "properties": [
              {
                "type": "ObjectProperty",
                "start": 21,
                "end": 54,
                "loc": {
                  "start": {
                    "line": 2,
                    "column": 2
                  },
                  "end": {
                    "line": 2,
                    "column": 35
                  }
                },
                "method": false,
                "shorthand": false,
                "computed": false,
                "key": {
                  "type": "Identifier",
                  "start": 21,
                  "end": 27,
                  "loc": {
                    "start": {
                      "line": 2,
                      "column": 2
                    },
                    "end": {
                      "line": 2,
                      "column": 8
                    },
                    "identifierName": "modelo"
                  },
                  "name": "modelo"
                },
                "value": {
                  "type": "CallExpression",
                  "start": 29,
                  "end": 54,
                  "loc": {
                    "start": {
                      "line": 2,
                      "column": 10
                    },
                    "end": {
                      "line": 2,
                      "column": 35
                    }
                  },
                  "callee": {
                    "type": "Identifier",
                    "start": 29,
                    "end": 36,
                    "loc": {
                      "start": {
                        "line": 2,
                        "column": 10
                      },
                      "end": {
                        "line": 2,
                        "column": 17
                      },
                      "identifierName": "require"
                    },
                    "name": "require"
                  },
                  "arguments": [
                    {
                      "type": "StringLiteral",
                      "start": 37,
                      "end": 53,
                      "loc": {
                        "start": {
                          "line": 2,
                          "column": 18
                        },
                        "end": {
                          "line": 2,
                          "column": 34
                        }
                      },
                      "extra": {
                        "rawValue": "./posts-modelo",
                        "raw": "'./posts-modelo'"
                      },
                      "value": "./posts-modelo"
                    }
                  ]
                }
              },
              {
                "type": "ObjectProperty",
                "start": 58,
                "end": 89,
                "loc": {
                  "start": {
                    "line": 3,
                    "column": 2
                  },
                  "end": {
                    "line": 3,
                    "column": 33
                  }
                },
                "method": false,
                "shorthand": false,
                "computed": false,
                "key": {
                  "type": "Identifier",
                  "start": 58,
                  "end": 63,
                  "loc": {
                    "start": {
                      "line": 3,
                      "column": 2
                    },
                    "end": {
                      "line": 3,
                      "column": 7
                    },
                    "identifierName": "rotas"
                  },
                  "name": "rotas"
                },
                "value": {
                  "type": "CallExpression",
                  "start": 65,
                  "end": 89,
                  "loc": {
                    "start": {
                      "line": 3,
                      "column": 9
                    },
                    "end": {
                      "line": 3,
                      "column": 33
                    }
                  },
                  "callee": {
                    "type": "Identifier",
                    "start": 65,
                    "end": 72,
                    "loc": {
                      "start": {
                        "line": 3,
                        "column": 9
                      },
                      "end": {
                        "line": 3,
                        "column": 16
                      },
                      "identifierName": "require"
                    },
                    "name": "require"
                  },
                  "arguments": [
                    {
                      "type": "StringLiteral",
                      "start": 73,
                      "end": 88,
                      "loc": {
                        "start": {
                          "line": 3,
                          "column": 17
                        },
                        "end": {
                          "line": 3,
                          "column": 32
                        }
                      },
                      "extra": {
                        "rawValue": "./posts-rotas",
                        "raw": "'./posts-rotas'"
                      },
                      "value": "./posts-rotas"
                    }
                  ]
                }
              },
              {
                "type": "ObjectProperty",
                "start": 93,
                "end": 136,
                "loc": {
                  "start": {
                    "line": 4,
                    "column": 2
                  },
                  "end": {
                    "line": 4,
                    "column": 45
                  }
                },
                "method": false,
                "shorthand": false,
                "computed": false,
                "key": {
                  "type": "Identifier",
                  "start": 93,
                  "end": 104,
                  "loc": {
                    "start": {
                      "line": 4,
                      "column": 2
                    },
                    "end": {
                      "line": 4,
                      "column": 13
                    },
                    "identifierName": "controlador"
                  },
                  "name": "controlador"
                },
                "value": {
                  "type": "CallExpression",
                  "start": 106,
                  "end": 136,
                  "loc": {
                    "start": {
                      "line": 4,
                      "column": 15
                    },
                    "end": {
                      "line": 4,
                      "column": 45
                    }
                  },
                  "callee": {
                    "type": "Identifier",
                    "start": 106,
                    "end": 113,
                    "loc": {
                      "start": {
                        "line": 4,
                        "column": 15
                      },
                      "end": {
                        "line": 4,
                        "column": 22
                      },
                      "identifierName": "require"
                    },
                    "name": "require"
                  },
                  "arguments": [
                    {
                      "type": "StringLiteral",
                      "start": 114,
                      "end": 135,
                      "loc": {
                        "start": {
                          "line": 4,
                          "column": 23
                        },
                        "end": {
                          "line": 4,
                          "column": 44
                        }
                      },
                      "extra": {
                        "rawValue": "./posts-controlador",
                        "raw": "'./posts-controlador'"
                      },
                      "value": "./posts-controlador"
                    }
                  ]
                }
              }
            ]
          }
        }
      }
    ],
    "directives": []
  },
  "comments": [],
  "tokens": [
    {
      "type": {
        "label": "name",
        "beforeExpr": false,
        "startsExpr": true,
        "rightAssociative": false,
        "isLoop": false,
        "isAssign": false,
        "prefix": false,
        "postfix": false,
        "binop": null
      },
      "value": "module",
      "start": 0,
      "end": 6,
      "loc": {
        "start": {
          "line": 1,
          "column": 0
        },
        "end": {
          "line": 1,
          "column": 6
        }
      }
    },
    {
      "type": {
        "label": ".",
        "beforeExpr": false,
        "startsExpr": false,
        "rightAssociative": false,
        "isLoop": false,
        "isAssign": false,
        "prefix": false,
        "postfix": false,
        "binop": null,
        "updateContext": null
      },
      "start": 6,
      "end": 7,
      "loc": {
        "start": {
          "line": 1,
          "column": 6
        },
        "end": {
          "line": 1,
          "column": 7
        }
      }
    },
    {
      "type": {
        "label": "name",
        "beforeExpr": false,
        "startsExpr": true,
        "rightAssociative": false,
        "isLoop": false,
        "isAssign": false,
        "prefix": false,
        "postfix": false,
        "binop": null
      },
      "value": "exports",
      "start": 7,
      "end": 14,
      "loc": {
        "start": {
          "line": 1,
          "column": 7
        },
        "end": {
          "line": 1,
          "column": 14
        }
      }
    },
    {
      "type": {
        "label": "=",
        "beforeExpr": true,
        "startsExpr": false,
        "rightAssociative": false,
        "isLoop": false,
        "isAssign": true,
        "prefix": false,
        "postfix": false,
        "binop": null,
        "updateContext": null
      },
      "value": "=",
      "start": 15,
      "end": 16,
      "loc": {
        "start": {
          "line": 1,
          "column": 15
        },
        "end": {
          "line": 1,
          "column": 16
        }
      }
    },
    {
      "type": {
        "label": "{",
        "beforeExpr": true,
        "startsExpr": true,
        "rightAssociative": false,
        "isLoop": false,
        "isAssign": false,
        "prefix": false,
        "postfix": false,
        "binop": null
      },
      "start": 17,
      "end": 18,
      "loc": {
        "start": {
          "line": 1,
          "column": 17
        },
        "end": {
          "line": 1,
          "column": 18
        }
      }
    },
    {
      "type": {
        "label": "name",
        "beforeExpr": false,
        "startsExpr": true,
        "rightAssociative": false,
        "isLoop": false,
        "isAssign": false,
        "prefix": false,
        "postfix": false,
        "binop": null
      },
      "value": "modelo",
      "start": 21,
      "end": 27,
      "loc": {
        "start": {
          "line": 2,
          "column": 2
        },
        "end": {
          "line": 2,
          "column": 8
        }
      }
    },
    {
      "type": {
        "label": ":",
        "beforeExpr": true,
        "startsExpr": false,
        "rightAssociative": false,
        "isLoop": false,
        "isAssign": false,
        "prefix": false,
        "postfix": false,
        "binop": null,
        "updateContext": null
      },
      "start": 27,
      "end": 28,
      "loc": {
        "start": {
          "line": 2,
          "column": 8
        },
        "end": {
          "line": 2,
          "column": 9
        }
      }
    },
    {
      "type": {
        "label": "name",
        "beforeExpr": false,
        "startsExpr": true,
        "rightAssociative": false,
        "isLoop": false,
        "isAssign": false,
        "prefix": false,
        "postfix": false,
        "binop": null
      },
      "value": "require",
      "start": 29,
      "end": 36,
      "loc": {
        "start": {
          "line": 2,
          "column": 10
        },
        "end": {
          "line": 2,
          "column": 17
        }
      }
    },
    {
      "type": {
        "label": "(",
        "beforeExpr": true,
        "startsExpr": true,
        "rightAssociative": false,
        "isLoop": false,
        "isAssign": false,
        "prefix": false,
        "postfix": false,
        "binop": null
      },
      "start": 36,
      "end": 37,
      "loc": {
        "start": {
          "line": 2,
          "column": 17
        },
        "end": {
          "line": 2,
          "column": 18
        }
      }
    },
    {
      "type": {
        "label": "string",
        "beforeExpr": false,
        "startsExpr": true,
        "rightAssociative": false,
        "isLoop": false,
        "isAssign": false,
        "prefix": false,
        "postfix": false,
        "binop": null,
        "updateContext": null
      },
      "value": "./posts-modelo",
      "start": 37,
      "end": 53,
      "loc": {
        "start": {
          "line": 2,
          "column": 18
        },
        "end": {
          "line": 2,
          "column": 34
        }
      }
    },
    {
      "type": {
        "label": ")",
        "beforeExpr": false,
        "startsExpr": false,
        "rightAssociative": false,
        "isLoop": false,
        "isAssign": false,
        "prefix": false,
        "postfix": false,
        "binop": null
      },
      "start": 53,
      "end": 54,
      "loc": {
        "start": {
          "line": 2,
          "column": 34
        },
        "end": {
          "line": 2,
          "column": 35
        }
      }
    },
    {
      "type": {
        "label": ",",
        "beforeExpr": true,
        "startsExpr": false,
        "rightAssociative": false,
        "isLoop": false,
        "isAssign": false,
        "prefix": false,
        "postfix": false,
        "binop": null,
        "updateContext": null
      },
      "start": 54,
      "end": 55,
      "loc": {
        "start": {
          "line": 2,
          "column": 35
        },
        "end": {
          "line": 2,
          "column": 36
        }
      }
    },
    {
      "type": {
        "label": "name",
        "beforeExpr": false,
        "startsExpr": true,
        "rightAssociative": false,
        "isLoop": false,
        "isAssign": false,
        "prefix": false,
        "postfix": false,
        "binop": null
      },
      "value": "rotas",
      "start": 58,
      "end": 63,
      "loc": {
        "start": {
          "line": 3,
          "column": 2
        },
        "end": {
          "line": 3,
          "column": 7
        }
      }
    },
    {
      "type": {
        "label": ":",
        "beforeExpr": true,
        "startsExpr": false,
        "rightAssociative": false,
        "isLoop": false,
        "isAssign": false,
        "prefix": false,
        "postfix": false,
        "binop": null,
        "updateContext": null
      },
      "start": 63,
      "end": 64,
      "loc": {
        "start": {
          "line": 3,
          "column": 7
        },
        "end": {
          "line": 3,
          "column": 8
        }
      }
    },
    {
      "type": {
        "label": "name",
        "beforeExpr": false,
        "startsExpr": true,
        "rightAssociative": false,
        "isLoop": false,
        "isAssign": false,
        "prefix": false,
        "postfix": false,
        "binop": null
      },
      "value": "require",
      "start": 65,
      "end": 72,
      "loc": {
        "start": {
          "line": 3,
          "column": 9
        },
        "end": {
          "line": 3,
          "column": 16
        }
      }
    },
    {
      "type": {
        "label": "(",
        "beforeExpr": true,
        "startsExpr": true,
        "rightAssociative": false,
        "isLoop": false,
        "isAssign": false,
        "prefix": false,
        "postfix": false,
        "binop": null
      },
      "start": 72,
      "end": 73,
      "loc": {
        "start": {
          "line": 3,
          "column": 16
        },
        "end": {
          "line": 3,
          "column": 17
        }
      }
    },
    {
      "type": {
        "label": "string",
        "beforeExpr": false,
        "startsExpr": true,
        "rightAssociative": false,
        "isLoop": false,
        "isAssign": false,
        "prefix": false,
        "postfix": false,
        "binop": null,
        "updateContext": null
      },
      "value": "./posts-rotas",
      "start": 73,
      "end": 88,
      "loc": {
        "start": {
          "line": 3,
          "column": 17
        },
        "end": {
          "line": 3,
          "column": 32
        }
      }
    },
    {
      "type": {
        "label": ")",
        "beforeExpr": false,
        "startsExpr": false,
        "rightAssociative": false,
        "isLoop": false,
        "isAssign": false,
        "prefix": false,
        "postfix": false,
        "binop": null
      },
      "start": 88,
      "end": 89,
      "loc": {
        "start": {
          "line": 3,
          "column": 32
        },
        "end": {
          "line": 3,
          "column": 33
        }
      }
    },
    {
      "type": {
        "label": ",",
        "beforeExpr": true,
        "startsExpr": false,
        "rightAssociative": false,
        "isLoop": false,
        "isAssign": false,
        "prefix": false,
        "postfix": false,
        "binop": null,
        "updateContext": null
      },
      "start": 89,
      "end": 90,
      "loc": {
        "start": {
          "line": 3,
          "column": 33
        },
        "end": {
          "line": 3,
          "column": 34
        }
      }
    },
    {
      "type": {
        "label": "name",
        "beforeExpr": false,
        "startsExpr": true,
        "rightAssociative": false,
        "isLoop": false,
        "isAssign": false,
        "prefix": false,
        "postfix": false,
        "binop": null
      },
      "value": "controlador",
      "start": 93,
      "end": 104,
      "loc": {
        "start": {
          "line": 4,
          "column": 2
        },
        "end": {
          "line": 4,
          "column": 13
        }
      }
    },
    {
      "type": {
        "label": ":",
        "beforeExpr": true,
        "startsExpr": false,
        "rightAssociative": false,
        "isLoop": false,
        "isAssign": false,
        "prefix": false,
        "postfix": false,
        "binop": null,
        "updateContext": null
      },
      "start": 104,
      "end": 105,
      "loc": {
        "start": {
          "line": 4,
          "column": 13
        },
        "end": {
          "line": 4,
          "column": 14
        }
      }
    },
    {
      "type": {
        "label": "name",
        "beforeExpr": false,
        "startsExpr": true,
        "rightAssociative": false,
        "isLoop": false,
        "isAssign": false,
        "prefix": false,
        "postfix": false,
        "binop": null
      },
      "value": "require",
      "start": 106,
      "end": 113,
      "loc": {
        "start": {
          "line": 4,
          "column": 15
        },
        "end": {
          "line": 4,
          "column": 22
        }
      }
    },
    {
      "type": {
        "label": "(",
        "beforeExpr": true,
        "startsExpr": true,
        "rightAssociative": false,
        "isLoop": false,
        "isAssign": false,
        "prefix": false,
        "postfix": false,
        "binop": null
      },
      "start": 113,
      "end": 114,
      "loc": {
        "start": {
          "line": 4,
          "column": 22
        },
        "end": {
          "line": 4,
          "column": 23
        }
      }
    },
    {
      "type": {
        "label": "string",
        "beforeExpr": false,
        "startsExpr": true,
        "rightAssociative": false,
        "isLoop": false,
        "isAssign": false,
        "prefix": false,
        "postfix": false,
        "binop": null,
        "updateContext": null
      },
      "value": "./posts-controlador",
      "start": 114,
      "end": 135,
      "loc": {
        "start": {
          "line": 4,
          "column": 23
        },
        "end": {
          "line": 4,
          "column": 44
        }
      }
    },
    {
      "type": {
        "label": ")",
        "beforeExpr": false,
        "startsExpr": false,
        "rightAssociative": false,
        "isLoop": false,
        "isAssign": false,
        "prefix": false,
        "postfix": false,
        "binop": null
      },
      "start": 135,
      "end": 136,
      "loc": {
        "start": {
          "line": 4,
          "column": 44
        },
        "end": {
          "line": 4,
          "column": 45
        }
      }
    },
    {
      "type": {
        "label": "}",
        "beforeExpr": false,
        "startsExpr": false,
        "rightAssociative": false,
        "isLoop": false,
        "isAssign": false,
        "prefix": false,
        "postfix": false,
        "binop": null
      },
      "start": 137,
      "end": 138,
      "loc": {
        "start": {
          "line": 5,
          "column": 0
        },
        "end": {
          "line": 5,
          "column": 1
        }
      }
    },
    {
      "type": {
        "label": "eof",
        "beforeExpr": false,
        "startsExpr": false,
        "rightAssociative": false,
        "isLoop": false,
        "isAssign": false,
        "prefix": false,
        "postfix": false,
        "binop": null,
        "updateContext": null
      },
      "start": 139,
      "end": 139,
      "loc": {
        "start": {
          "line": 6,
          "column": 0
        },
        "end": {
          "line": 6,
          "column": 0
        }
      }
    }
  ]
}