{
  "type": "File",
  "start": 0,
  "end": 280,
  "loc": {
    "start": {
      "line": 1,
      "column": 0
    },
    "end": {
      "line": 8,
      "column": 0
    }
  },
  "program": {
    "type": "Program",
    "start": 0,
    "end": 280,
    "loc": {
      "start": {
        "line": 1,
        "column": 0
      },
      "end": {
        "line": 8,
        "column": 0
      }
    },
    "sourceType": "module",
    "body": [
      {
        "type": "ExpressionStatement",
        "start": 0,
        "end": 279,
        "loc": {
          "start": {
            "line": 1,
            "column": 0
          },
          "end": {
            "line": 7,
            "column": 1
          }
        },
        "expression": {
          "type": "AssignmentExpression",
          "start": 0,
          "end": 279,
          "loc": {
            "start": {
              "line": 1,
              "column": 0
            },
            "end": {
              "line": 7,
              "column": 1
            }
          },
          "operator": "=",
          "left": {
            "type": "MemberExpression",
            "start": 0,
            "end": 14,
            "loc": {
              "start": {
                "line": 1,
                "column": 0
              },
              "end": {
                "line": 1,
                "column": 14
              }
            },
            "object": {
              "type": "Identifier",
              "start": 0,
              "end": 6,
              "loc": {
                "start": {
                  "line": 1,
                  "column": 0
                },
                "end": {
                  "line": 1,
                  "column": 6
                },
                "identifierName": "module"
              },
              "name": "module"
            },
            "property": {
              "type": "Identifier",
              "start": 7,
              "end": 14,
              "loc": {
                "start": {
                  "line": 1,
                  "column": 7
                },
                "end": {
                  "line": 1,
                  "column": 14
                },
                "identifierName": "exports"
              },
              "name": "exports"
            },
            "computed": false
          },
          "right": {
            "type": "ObjectExpression",
            "start": 17,
            "end": 279,
            "loc": {
              "start": {
                "line": 1,
                "column": 17
              },
              "end": {
                "line": 7,
                "column": 1
              }
            },
            "properties": [
              {
                "type": "ObjectProperty",
                "start": 21,
                "end": 55,
                "loc": {
                  "start": {
                    "line": 2,
                    "column": 2
                  },
                  "end": {
                    "line": 2,
                    "column": 36
                  }
                },
                "method": false,
                "shorthand": false,
                "computed": false,
                "key": {
                  "type": "Identifier",
                  "start": 21,
                  "end": 26,
                  "loc": {
                    "start": {
                      "line": 2,
                      "column": 2
                    },
                    "end": {
                      "line": 2,
                      "column": 7
                    },
                    "identifierName": "rotas"
                  },
                  "name": "rotas"
                },
                "value": {
                  "type": "CallExpression",
                  "start": 28,
                  "end": 55,
                  "loc": {
                    "start": {
                      "line": 2,
                      "column": 9
                    },
                    "end": {
                      "line": 2,
                      "column": 36
                    }
                  },
                  "callee": {
                    "type": "Identifier",
                    "start": 28,
                    "end": 35,
                    "loc": {
                      "start": {
                        "line": 2,
                        "column": 9
                      },
                      "end": {
                        "line": 2,
                        "column": 16
                      },
                      "identifierName": "require"
                    },
                    "name": "require"
                  },
                  "arguments": [
                    {
                      "type": "StringLiteral",
                      "start": 36,
                      "end": 54,
                      "loc": {
                        "start": {
                          "line": 2,
                          "column": 17
                        },
                        "end": {
                          "line": 2,
                          "column": 35
                        }
                      },
                      "extra": {
                        "rawValue": "./usuarios-rotas",
                        "raw": "'./usuarios-rotas'"
                      },
                      "value": "./usuarios-rotas"
                    }
                  ]
                }
              },
              {
                "type": "ObjectProperty",
                "start": 59,
                "end": 105,
                "loc": {
                  "start": {
                    "line": 3,
                    "column": 2
                  },
                  "end": {
                    "line": 3,
                    "column": 48
                  }
                },
                "method": false,
                "shorthand": false,
                "computed": false,
                "key": {
                  "type": "Identifier",
                  "start": 59,
                  "end": 70,
                  "loc": {
                    "start": {
                      "line": 3,
                      "column": 2
                    },
                    "end": {
                      "line": 3,
                      "column": 13
                    },
                    "identifierName": "controlador"
                  },
                  "name": "controlador"
                },
                "value": {
                  "type": "CallExpression",
                  "start": 72,
                  "end": 105,
                  "loc": {
                    "start": {
                      "line": 3,
                      "column": 15
                    },
                    "end": {
                      "line": 3,
                      "column": 48
                    }
                  },
                  "callee": {
                    "type": "Identifier",
                    "start": 72,
                    "end": 79,
                    "loc": {
                      "start": {
                        "line": 3,
                        "column": 15
                      },
                      "end": {
                        "line": 3,
                        "column": 22
                      },
                      "identifierName": "require"
                    },
                    "name": "require"
                  },
                  "arguments": [
                    {
                      "type": "StringLiteral",
                      "start": 80,
                      "end": 104,
                      "loc": {
                        "start": {
                          "line": 3,
                          "column": 23
                        },
                        "end": {
                          "line": 3,
                          "column": 47
                        }
                      },
                      "extra": {
                        "rawValue": "./usuarios-controlador",
                        "raw": "'./usuarios-controlador'"
                      },
                      "value": "./usuarios-controlador"
                    }
                  ]
                }
              },
              {
                "type": "ObjectProperty",
                "start": 109,
                "end": 145,
                "loc": {
                  "start": {
                    "line": 4,
                    "column": 2
                  },
                  "end": {
                    "line": 4,
                    "column": 38
                  }
                },
                "method": false,
                "shorthand": false,
                "computed": false,
                "key": {
                  "type": "Identifier",
                  "start": 109,
                  "end": 115,
                  "loc": {
                    "start": {
                      "line": 4,
                      "column": 2
                    },
                    "end": {
                      "line": 4,
                      "column": 8
                    },
                    "identifierName": "modelo"
                  },
                  "name": "modelo"
                },
                "value": {
                  "type": "CallExpression",
                  "start": 117,
                  "end": 145,
                  "loc": {
                    "start": {
                      "line": 4,
                      "column": 10
                    },
                    "end": {
                      "line": 4,
                      "column": 38
                    }
                  },
                  "callee": {
                    "type": "Identifier",
                    "start": 117,
                    "end": 124,
                    "loc": {
                      "start": {
                        "line": 4,
                        "column": 10
                      },
                      "end": {
                        "line": 4,
                        "column": 17
                      },
                      "identifierName": "require"
                    },
                    "name": "require"
                  },
                  "arguments": [
                    {
                      "type": "StringLiteral",
                      "start": 125,
                      "end": 144,
                      "loc": {
                        "start": {
                          "line": 4,
                          "column": 18
                        },
                        "end": {
                          "line": 4,
                          "column": 37
                        }
                      },
                      "extra": {
                        "rawValue": "./usuarios-modelo",
                        "raw": "'./usuarios-modelo'"
                      },
                      "value": "./usuarios-modelo"
                    }
                  ]
                }
              },
              {
                "type": "ObjectProperty",
                "start": 149,
                "end": 211,
                "loc": {
                  "start": {
                    "line": 5,
                    "column": 2
                  },
                  "end": {
                    "line": 5,
                    "column": 64
                  }
                },
                "method": false,
                "shorthand": false,
                "computed": false,
                "key": {
                  "type": "Identifier",
                  "start": 149,
                  "end": 172,
                  "loc": {
                    "start": {
                      "line": 5,
                      "column": 2
                    },
                    "end": {
                      "line": 5,
                      "column": 25
                    },
                    "identifierName": "estrategiasAutenticacao"
                  },
                  "name": "estrategiasAutenticacao"
                },
                "value": {
                  "type": "CallExpression",
                  "start": 174,
                  "end": 211,
                  "loc": {
                    "start": {
                      "line": 5,
                      "column": 27
                    },
                    "end": {
                      "line": 5,
                      "column": 64
                    }
                  },
                  "callee": {
                    "type": "Identifier",
                    "start": 174,
                    "end": 181,
                    "loc": {
                      "start": {
                        "line": 5,
                        "column": 27
                      },
                      "end": {
                        "line": 5,
                        "column": 34
                      },
                      "identifierName": "require"
                    },
                    "name": "require"
                  },
                  "arguments": [
                    {
                      "type": "StringLiteral",
                      "start": 182,
                      "end": 210,
                      "loc": {
                        "start": {
                          "line": 5,
                          "column": 35
                        },
                        "end": {
                          "line": 5,
                          "column": 63
                        }
                      },
                      "extra": {
                        "rawValue": "./estrategias-autenticacao",
                        "raw": "'./estrategias-autenticacao'"
                      },
                      "value": "./estrategias-autenticacao"
                    }
                  ]
                }
              },
              {
                "type": "ObjectProperty",
                "start": 215,
                "end": 277,
                "loc": {
                  "start": {
                    "line": 6,
                    "column": 2
                  },
                  "end": {
                    "line": 6,
                    "column": 64
                  }
                },
                "method": false,
                "shorthand": false,
                "computed": false,
                "key": {
                  "type": "Identifier",
                  "start": 215,
                  "end": 238,
                  "loc": {
                    "start": {
                      "line": 6,
                      "column": 2
                    },
                    "end": {
                      "line": 6,
                      "column": 25
                    },
                    "identifierName": "middlewaresAutenticacao"
                  },
                  "name": "middlewaresAutenticacao"
                },
                "value": {
                  "type": "CallExpression",
                  "start": 240,
                  "end": 277,
                  "loc": {
                    "start": {
                      "line": 6,
                      "column": 27
                    },
                    "end": {
                      "line": 6,
                      "column": 64
                    }
                  },
                  "callee": {
                    "type": "Identifier",
                    "start": 240,
                    "end": 247,
                    "loc": {
                      "start": {
                        "line": 6,
                        "column": 27
                      },
                      "end": {
                        "line": 6,
                        "column": 34
                      },
                      "identifierName": "require"
                    },
                    "name": "require"
                  },
                  "arguments": [
                    {
                      "type": "StringLiteral",
                      "start": 248,
                      "end": 276,
                      "loc": {
                        "start": {
                          "line": 6,
                          "column": 35
                        },
                        "end": {
                          "line": 6,
                          "column": 63
                        }
                      },
                      "extra": {
                        "rawValue": "./middlewares-autenticacao",
                        "raw": "'./middlewares-autenticacao'"
                      },
                      "value": "./middlewares-autenticacao"
                    }
                  ]
                }
              }
            ]
          }
        }
      }
    ],
    "directives": []
  },
  "comments": [],
  "tokens": [
    {
      "type": {
        "label": "name",
        "beforeExpr": false,
        "startsExpr": true,
        "rightAssociative": false,
        "isLoop": false,
        "isAssign": false,
        "prefix": false,
        "postfix": false,
        "binop": null
      },
      "value": "module",
      "start": 0,
      "end": 6,
      "loc": {
        "start": {
          "line": 1,
          "column": 0
        },
        "end": {
          "line": 1,
          "column": 6
        }
      }
    },
    {
      "type": {
        "label": ".",
        "beforeExpr": false,
        "startsExpr": false,
        "rightAssociative": false,
        "isLoop": false,
        "isAssign": false,
        "prefix": false,
        "postfix": false,
        "binop": null,
        "updateContext": null
      },
      "start": 6,
      "end": 7,
      "loc": {
        "start": {
          "line": 1,
          "column": 6
        },
        "end": {
          "line": 1,
          "column": 7
        }
      }
    },
    {
      "type": {
        "label": "name",
        "beforeExpr": false,
        "startsExpr": true,
        "rightAssociative": false,
        "isLoop": false,
        "isAssign": false,
        "prefix": false,
        "postfix": false,
        "binop": null
      },
      "value": "exports",
      "start": 7,
      "end": 14,
      "loc": {
        "start": {
          "line": 1,
          "column": 7
        },
        "end": {
          "line": 1,
          "column": 14
        }
      }
    },
    {
      "type": {
        "label": "=",
        "beforeExpr": true,
        "startsExpr": false,
        "rightAssociative": false,
        "isLoop": false,
        "isAssign": true,
        "prefix": false,
        "postfix": false,
        "binop": null,
        "updateContext": null
      },
      "value": "=",
      "start": 15,
      "end": 16,
      "loc": {
        "start": {
          "line": 1,
          "column": 15
        },
        "end": {
          "line": 1,
          "column": 16
        }
      }
    },
    {
      "type": {
        "label": "{",
        "beforeExpr": true,
        "startsExpr": true,
        "rightAssociative": false,
        "isLoop": false,
        "isAssign": false,
        "prefix": false,
        "postfix": false,
        "binop": null
      },
      "start": 17,
      "end": 18,
      "loc": {
        "start": {
          "line": 1,
          "column": 17
        },
        "end": {
          "line": 1,
          "column": 18
        }
      }
    },
    {
      "type": {
        "label": "name",
        "beforeExpr": false,
        "startsExpr": true,
        "rightAssociative": false,
        "isLoop": false,
        "isAssign": false,
        "prefix": false,
        "postfix": false,
        "binop": null
      },
      "value": "rotas",
      "start": 21,
      "end": 26,
      "loc": {
        "start": {
          "line": 2,
          "column": 2
        },
        "end": {
          "line": 2,
          "column": 7
        }
      }
    },
    {
      "type": {
        "label": ":",
        "beforeExpr": true,
        "startsExpr": false,
        "rightAssociative": false,
        "isLoop": false,
        "isAssign": false,
        "prefix": false,
        "postfix": false,
        "binop": null,
        "updateContext": null
      },
      "start": 26,
      "end": 27,
      "loc": {
        "start": {
          "line": 2,
          "column": 7
        },
        "end": {
          "line": 2,
          "column": 8
        }
      }
    },
    {
      "type": {
        "label": "name",
        "beforeExpr": false,
        "startsExpr": true,
        "rightAssociative": false,
        "isLoop": false,
        "isAssign": false,
        "prefix": false,
        "postfix": false,
        "binop": null
      },
      "value": "require",
      "start": 28,
      "end": 35,
      "loc": {
        "start": {
          "line": 2,
          "column": 9
        },
        "end": {
          "line": 2,
          "column": 16
        }
      }
    },
    {
      "type": {
        "label": "(",
        "beforeExpr": true,
        "startsExpr": true,
        "rightAssociative": false,
        "isLoop": false,
        "isAssign": false,
        "prefix": false,
        "postfix": false,
        "binop": null
      },
      "start": 35,
      "end": 36,
      "loc": {
        "start": {
          "line": 2,
          "column": 16
        },
        "end": {
          "line": 2,
          "column": 17
        }
      }
    },
    {
      "type": {
        "label": "string",
        "beforeExpr": false,
        "startsExpr": true,
        "rightAssociative": false,
        "isLoop": false,
        "isAssign": false,
        "prefix": false,
        "postfix": false,
        "binop": null,
        "updateContext": null
      },
      "value": "./usuarios-rotas",
      "start": 36,
      "end": 54,
      "loc": {
        "start": {
          "line": 2,
          "column": 17
        },
        "end": {
          "line": 2,
          "column": 35
        }
      }
    },
    {
      "type": {
        "label": ")",
        "beforeExpr": false,
        "startsExpr": false,
        "rightAssociative": false,
        "isLoop": false,
        "isAssign": false,
        "prefix": false,
        "postfix": false,
        "binop": null
      },
      "start": 54,
      "end": 55,
      "loc": {
        "start": {
          "line": 2,
          "column": 35
        },
        "end": {
          "line": 2,
          "column": 36
        }
      }
    },
    {
      "type": {
        "label": ",",
        "beforeExpr": true,
        "startsExpr": false,
        "rightAssociative": false,
        "isLoop": false,
        "isAssign": false,
        "prefix": false,
        "postfix": false,
        "binop": null,
        "updateContext": null
      },
      "start": 55,
      "end": 56,
      "loc": {
        "start": {
          "line": 2,
          "column": 36
        },
        "end": {
          "line": 2,
          "column": 37
        }
      }
    },
    {
      "type": {
        "label": "name",
        "beforeExpr": false,
        "startsExpr": true,
        "rightAssociative": false,
        "isLoop": false,
        "isAssign": false,
        "prefix": false,
        "postfix": false,
        "binop": null
      },
      "value": "controlador",
      "start": 59,
      "end": 70,
      "loc": {
        "start": {
          "line": 3,
          "column": 2
        },
        "end": {
          "line": 3,
          "column": 13
        }
      }
    },
    {
      "type": {
        "label": ":",
        "beforeExpr": true,
        "startsExpr": false,
        "rightAssociative": false,
        "isLoop": false,
        "isAssign": false,
        "prefix": false,
        "postfix": false,
        "binop": null,
        "updateContext": null
      },
      "start": 70,
      "end": 71,
      "loc": {
        "start": {
          "line": 3,
          "column": 13
        },
        "end": {
          "line": 3,
          "column": 14
        }
      }
    },
    {
      "type": {
        "label": "name",
        "beforeExpr": false,
        "startsExpr": true,
        "rightAssociative": false,
        "isLoop": false,
        "isAssign": false,
        "prefix": false,
        "postfix": false,
        "binop": null
      },
      "value": "require",
      "start": 72,
      "end": 79,
      "loc": {
        "start": {
          "line": 3,
          "column": 15
        },
        "end": {
          "line": 3,
          "column": 22
        }
      }
    },
    {
      "type": {
        "label": "(",
        "beforeExpr": true,
        "startsExpr": true,
        "rightAssociative": false,
        "isLoop": false,
        "isAssign": false,
        "prefix": false,
        "postfix": false,
        "binop": null
      },
      "start": 79,
      "end": 80,
      "loc": {
        "start": {
          "line": 3,
          "column": 22
        },
        "end": {
          "line": 3,
          "column": 23
        }
      }
    },
    {
      "type": {
        "label": "string",
        "beforeExpr": false,
        "startsExpr": true,
        "rightAssociative": false,
        "isLoop": false,
        "isAssign": false,
        "prefix": false,
        "postfix": false,
        "binop": null,
        "updateContext": null
      },
      "value": "./usuarios-controlador",
      "start": 80,
      "end": 104,
      "loc": {
        "start": {
          "line": 3,
          "column": 23
        },
        "end": {
          "line": 3,
          "column": 47
        }
      }
    },
    {
      "type": {
        "label": ")",
        "beforeExpr": false,
        "startsExpr": false,
        "rightAssociative": false,
        "isLoop": false,
        "isAssign": false,
        "prefix": false,
        "postfix": false,
        "binop": null
      },
      "start": 104,
      "end": 105,
      "loc": {
        "start": {
          "line": 3,
          "column": 47
        },
        "end": {
          "line": 3,
          "column": 48
        }
      }
    },
    {
      "type": {
        "label": ",",
        "beforeExpr": true,
        "startsExpr": false,
        "rightAssociative": false,
        "isLoop": false,
        "isAssign": false,
        "prefix": false,
        "postfix": false,
        "binop": null,
        "updateContext": null
      },
      "start": 105,
      "end": 106,
      "loc": {
        "start": {
          "line": 3,
          "column": 48
        },
        "end": {
          "line": 3,
          "column": 49
        }
      }
    },
    {
      "type": {
        "label": "name",
        "beforeExpr": false,
        "startsExpr": true,
        "rightAssociative": false,
        "isLoop": false,
        "isAssign": false,
        "prefix": false,
        "postfix": false,
        "binop": null
      },
      "value": "modelo",
      "start": 109,
      "end": 115,
      "loc": {
        "start": {
          "line": 4,
          "column": 2
        },
        "end": {
          "line": 4,
          "column": 8
        }
      }
    },
    {
      "type": {
        "label": ":",
        "beforeExpr": true,
        "startsExpr": false,
        "rightAssociative": false,
        "isLoop": false,
        "isAssign": false,
        "prefix": false,
        "postfix": false,
        "binop": null,
        "updateContext": null
      },
      "start": 115,
      "end": 116,
      "loc": {
        "start": {
          "line": 4,
          "column": 8
        },
        "end": {
          "line": 4,
          "column": 9
        }
      }
    },
    {
      "type": {
        "label": "name",
        "beforeExpr": false,
        "startsExpr": true,
        "rightAssociative": false,
        "isLoop": false,
        "isAssign": false,
        "prefix": false,
        "postfix": false,
        "binop": null
      },
      "value": "require",
      "start": 117,
      "end": 124,
      "loc": {
        "start": {
          "line": 4,
          "column": 10
        },
        "end": {
          "line": 4,
          "column": 17
        }
      }
    },
    {
      "type": {
        "label": "(",
        "beforeExpr": true,
        "startsExpr": true,
        "rightAssociative": false,
        "isLoop": false,
        "isAssign": false,
        "prefix": false,
        "postfix": false,
        "binop": null
      },
      "start": 124,
      "end": 125,
      "loc": {
        "start": {
          "line": 4,
          "column": 17
        },
        "end": {
          "line": 4,
          "column": 18
        }
      }
    },
    {
      "type": {
        "label": "string",
        "beforeExpr": false,
        "startsExpr": true,
        "rightAssociative": false,
        "isLoop": false,
        "isAssign": false,
        "prefix": false,
        "postfix": false,
        "binop": null,
        "updateContext": null
      },
      "value": "./usuarios-modelo",
      "start": 125,
      "end": 144,
      "loc": {
        "start": {
          "line": 4,
          "column": 18
        },
        "end": {
          "line": 4,
          "column": 37
        }
      }
    },
    {
      "type": {
        "label": ")",
        "beforeExpr": false,
        "startsExpr": false,
        "rightAssociative": false,
        "isLoop": false,
        "isAssign": false,
        "prefix": false,
        "postfix": false,
        "binop": null
      },
      "start": 144,
      "end": 145,
      "loc": {
        "start": {
          "line": 4,
          "column": 37
        },
        "end": {
          "line": 4,
          "column": 38
        }
      }
    },
    {
      "type": {
        "label": ",",
        "beforeExpr": true,
        "startsExpr": false,
        "rightAssociative": false,
        "isLoop": false,
        "isAssign": false,
        "prefix": false,
        "postfix": false,
        "binop": null,
        "updateContext": null
      },
      "start": 145,
      "end": 146,
      "loc": {
        "start": {
          "line": 4,
          "column": 38
        },
        "end": {
          "line": 4,
          "column": 39
        }
      }
    },
    {
      "type": {
        "label": "name",
        "beforeExpr": false,
        "startsExpr": true,
        "rightAssociative": false,
        "isLoop": false,
        "isAssign": false,
        "prefix": false,
        "postfix": false,
        "binop": null
      },
      "value": "estrategiasAutenticacao",
      "start": 149,
      "end": 172,
      "loc": {
        "start": {
          "line": 5,
          "column": 2
        },
        "end": {
          "line": 5,
          "column": 25
        }
      }
    },
    {
      "type": {
        "label": ":",
        "beforeExpr": true,
        "startsExpr": false,
        "rightAssociative": false,
        "isLoop": false,
        "isAssign": false,
        "prefix": false,
        "postfix": false,
        "binop": null,
        "updateContext": null
      },
      "start": 172,
      "end": 173,
      "loc": {
        "start": {
          "line": 5,
          "column": 25
        },
        "end": {
          "line": 5,
          "column": 26
        }
      }
    },
    {
      "type": {
        "label": "name",
        "beforeExpr": false,
        "startsExpr": true,
        "rightAssociative": false,
        "isLoop": false,
        "isAssign": false,
        "prefix": false,
        "postfix": false,
        "binop": null
      },
      "value": "require",
      "start": 174,
      "end": 181,
      "loc": {
        "start": {
          "line": 5,
          "column": 27
        },
        "end": {
          "line": 5,
          "column": 34
        }
      }
    },
    {
      "type": {
        "label": "(",
        "beforeExpr": true,
        "startsExpr": true,
        "rightAssociative": false,
        "isLoop": false,
        "isAssign": false,
        "prefix": false,
        "postfix": false,
        "binop": null
      },
      "start": 181,
      "end": 182,
      "loc": {
        "start": {
          "line": 5,
          "column": 34
        },
        "end": {
          "line": 5,
          "column": 35
        }
      }
    },
    {
      "type": {
        "label": "string",
        "beforeExpr": false,
        "startsExpr": true,
        "rightAssociative": false,
        "isLoop": false,
        "isAssign": false,
        "prefix": false,
        "postfix": false,
        "binop": null,
        "updateContext": null
      },
      "value": "./estrategias-autenticacao",
      "start": 182,
      "end": 210,
      "loc": {
        "start": {
          "line": 5,
          "column": 35
        },
        "end": {
          "line": 5,
          "column": 63
        }
      }
    },
    {
      "type": {
        "label": ")",
        "beforeExpr": false,
        "startsExpr": false,
        "rightAssociative": false,
        "isLoop": false,
        "isAssign": false,
        "prefix": false,
        "postfix": false,
        "binop": null
      },
      "start": 210,
      "end": 211,
      "loc": {
        "start": {
          "line": 5,
          "column": 63
        },
        "end": {
          "line": 5,
          "column": 64
        }
      }
    },
    {
      "type": {
        "label": ",",
        "beforeExpr": true,
        "startsExpr": false,
        "rightAssociative": false,
        "isLoop": false,
        "isAssign": false,
        "prefix": false,
        "postfix": false,
        "binop": null,
        "updateContext": null
      },
      "start": 211,
      "end": 212,
      "loc": {
        "start": {
          "line": 5,
          "column": 64
        },
        "end": {
          "line": 5,
          "column": 65
        }
      }
    },
    {
      "type": {
        "label": "name",
        "beforeExpr": false,
        "startsExpr": true,
        "rightAssociative": false,
        "isLoop": false,
        "isAssign": false,
        "prefix": false,
        "postfix": false,
        "binop": null
      },
      "value": "middlewaresAutenticacao",
      "start": 215,
      "end": 238,
      "loc": {
        "start": {
          "line": 6,
          "column": 2
        },
        "end": {
          "line": 6,
          "column": 25
        }
      }
    },
    {
      "type": {
        "label": ":",
        "beforeExpr": true,
        "startsExpr": false,
        "rightAssociative": false,
        "isLoop": false,
        "isAssign": false,
        "prefix": false,
        "postfix": false,
        "binop": null,
        "updateContext": null
      },
      "start": 238,
      "end": 239,
      "loc": {
        "start": {
          "line": 6,
          "column": 25
        },
        "end": {
          "line": 6,
          "column": 26
        }
      }
    },
    {
      "type": {
        "label": "name",
        "beforeExpr": false,
        "startsExpr": true,
        "rightAssociative": false,
        "isLoop": false,
        "isAssign": false,
        "prefix": false,
        "postfix": false,
        "binop": null
      },
      "value": "require",
      "start": 240,
      "end": 247,
      "loc": {
        "start": {
          "line": 6,
          "column": 27
        },
        "end": {
          "line": 6,
          "column": 34
        }
      }
    },
    {
      "type": {
        "label": "(",
        "beforeExpr": true,
        "startsExpr": true,
        "rightAssociative": false,
        "isLoop": false,
        "isAssign": false,
        "prefix": false,
        "postfix": false,
        "binop": null
      },
      "start": 247,
      "end": 248,
      "loc": {
        "start": {
          "line": 6,
          "column": 34
        },
        "end": {
          "line": 6,
          "column": 35
        }
      }
    },
    {
      "type": {
        "label": "string",
        "beforeExpr": false,
        "startsExpr": true,
        "rightAssociative": false,
        "isLoop": false,
        "isAssign": false,
        "prefix": false,
        "postfix": false,
        "binop": null,
        "updateContext": null
      },
      "value": "./middlewares-autenticacao",
      "start": 248,
      "end": 276,
      "loc": {
        "start": {
          "line": 6,
          "column": 35
        },
        "end": {
          "line": 6,
          "column": 63
        }
      }
    },
    {
      "type": {
        "label": ")",
        "beforeExpr": false,
        "startsExpr": false,
        "rightAssociative": false,
        "isLoop": false,
        "isAssign": false,
        "prefix": false,
        "postfix": false,
        "binop": null
      },
      "start": 276,
      "end": 277,
      "loc": {
        "start": {
          "line": 6,
          "column": 63
        },
        "end": {
          "line": 6,
          "column": 64
        }
      }
    },
    {
      "type": {
        "label": "}",
        "beforeExpr": false,
        "startsExpr": false,
        "rightAssociative": false,
        "isLoop": false,
        "isAssign": false,
        "prefix": false,
        "postfix": false,
        "binop": null
      },
      "start": 278,
      "end": 279,
      "loc": {
        "start": {
          "line": 7,
          "column": 0
        },
        "end": {
          "line": 7,
          "column": 1
        }
      }
    },
    {
      "type": {
        "label": "eof",
        "beforeExpr": false,
        "startsExpr": false,
        "rightAssociative": false,
        "isLoop": false,
        "isAssign": false,
        "prefix": false,
        "postfix": false,
        "binop": null,
        "updateContext": null
      },
      "start": 280,
      "end": 280,
      "loc": {
        "start": {
          "line": 8,
          "column": 0
        },
        "end": {
          "line": 8,
          "column": 0
        }
      }
    }
  ]
}